300003,Movie,101 Dalmatians,1961,G,Action and Adventure,Disney+
300005,Movie,101 Dalmatians II: Patch's London Adventure,2003,G,Action and Adventure,Disney+
300006,Movie,102 Dalmatians,2000,G,Action and Adventure,Disney+
300008,Movie,20 000 Leagues Under the Sea,1954,G,Action and Adventure,Disney+
300011,Movie,A Bug's Life,1998,G,Animated,Disney+
300013,Movie,A Goofy Movie,1995,G,Action and Adventure,Disney+
300015,Movie,A Knight for a Day,1946,G,Animated,Disney+
300016,Movie,A Muppets Christmas: Letters To Santa,2008,G,Comedy,Disney+
300018,Movie,A Ring of Endless Light,2002,G,Coming of Age,Disney+
300020,Movie,A Tale of Two Critters,1977,G,Nature,Disney+
300024,TV Show,Adventures in Wonderland,1996,G,Fantasy,Disney+
300025,Movie,Aladdin (1992),1992,G,Action and Adventure,Disney+
300027,Movie,Aladdin and the King of Thieves,1996,G,Action and Adventure,Disney+
300028,Movie,Aladdin: The Return of Jafar,1994,G,Action and Adventure,Disney+
300032,Movie,Alice in Wonderland,1951,G,Action and Adventure,Disney+
300034,Movie,Aliens of the Deep,2005,G,Action and Adventure,Disney+
300035,Movie,All in a Nutshell,1949,G,Animated,Disney+
300036,Movie,Alley Cats Strike!,2000,G,Coming of Age,Disney+
300039,Movie,Alvin and the Chipmunks: Chipwrecked,2011,G,Comedy,Disney+
300048,Movie,American Eid,2021,G,Drama,Disney+
300050,Movie,Amy,1981,G,Drama,Disney+
300051,Movie,An Extremely Goofy Movie,2000,G,Animated,Disney+
300052,Movie,Anastasia,1997,G,Animated,Disney+
300054,TV Show,Andi Mack,2016,G,Comedy,Disney+
300056,TV Show,Animal Showdown,2018,G,Nature,Disney+
300061,Movie,Arendelle Castle Yule Log,2020,G,Animated,Disney+
300065,Movie,Atlantis: Milo's Return,2003,G,Action and Adventure,Disney+
300067,Movie,Auntie Edna,2018,G,Animated,Disney+
300068,TV Show,Austin and Ally,2011,G,Comedy,Disney+
300075,Movie,Bambi,1942,G,Animated,Disney+
300076,Movie,Bambi II,2006,G,Animated,Disney+
300077,Movie,Bao,2018,G,Animated,Disney+
300078,Movie,Baymax!,2021,G,Animated,Disney+
300079,TV Show,Be Our Chef,2020,G,Family,Disney+
300080,Movie,Beach Picnic,1939,G,Animated,Disney+
300083,Movie,Beauty and the Beast: Belle's Magical World,1998,G,Animated,Disney+
300084,Movie,Beauty and the Beast: The Enchanted Christmas,1997,G,Animated,Disney+
300088,Movie,Bedknobs and Broomsticks,1971,G,Comedy,Disney+
300090,Movie,Beezy Bear,1955,G,Animated,Disney+
300095,Movie,Benji the Hunted,1987,G,Action and Adventure,Disney+
300096,TV Show,Best Friends Whenever,2015,G,Cartoons,Disney+
300097,TV Show,Best Job Ever,2018,G,Nature,Disney+
300099,Movie,Beverly Hills Chihuahua 2,2011,G,Action and Adventure,Disney+
300100,Movie,Beverly Hills Chihuahua 3: Viva La Fiesta!,2012,G,Comedy,Disney+
300101,TV Show,Bia,2019,G,Coming of Age,Disney+
300112,TV Show,Birth of Europe,2014,G,Documentary,Disney+
300117,Movie,Blackbeard's Ghost,1968,G,Comedy,Disney+
300120,Movie,Boat Builders,1938,G,Animated,Disney+
300123,Movie,Bone Bandit,1948,G,Animated,Disney+
300124,TV Show,Bonkers,1993,G,Animated,Disney+
300126,Movie,Boundin',2004,G,Animated,Disney+
300128,TV Show,Brain Games,2011,G,Documentary,Disney+
300131,Movie,Brave Little Toaster to the Rescue,1999,G,Action and Adventure,Disney+
300135,Movie,Brink!,1998,G,Coming of Age,Disney+
300136,Movie,Brother Bear,2003,G,Action and Adventure,Disney+
300137,Movie,Brother Bear 2,2006,G,Action and Adventure,Disney+
300138,Movie,Buffalo Dreams,2005,G,Cartoons,Disney+
300139,TV Show,Bug Juice: My Adventures at Camp,2017,G,Coming of Age,Disney+
300143,Movie,BURN-E,2008,G,Animated,Disney+
300144,Movie,Burrow,2020,G,Animated,Disney+
300145,Movie,Cadet Kelly,2002,G,Comedy,Disney+
300147,Movie,Camp Rock,2008,G,Coming of Age,Disney+
300148,Movie,Camp Rock 2: The Final Jam,2010,G,Coming of Age,Disney+
300150,Movie,Candleshoe,1978,G,Comedy,Disney+
300151,Movie,Canine Caddy,1941,G,Animated,Disney+
300152,Movie,Captain Sparky vs. The Flying Saucers,2012,G,Action and Adventure,Disney+
300155,Movie,Cars,2006,G,Animated,Disney+
300156,Movie,Cars 2,2011,G,Animated,Disney+
300157,Movie,Cars 3,2017,G,Animated,Disney+
300158,Movie,Cars Toon: Air Mater,2011,G,Animated,Disney+
300159,Movie,Cars Toon: El Materdor,2008,G,Animated,Disney+
300160,Movie,Cars Toon: Heavy Metal Mater,2010,G,Animated,Disney+
300161,Movie,Cars Toon: Hiccups,2013,G,Animated,Disney+
300165,Movie,Cars Toon: Moon Mater,2010,G,Animated,Disney+
300167,Movie,Cars Toon: Spinning,2013,G,Animated,Disney+
300169,Movie,Cars Toon: Time Travel Mater,2012,G,Animated,Disney+
300170,Movie,Cars Toon: Tokyo Mater,2008,G,Animated,Disney+
300172,Movie,Cars Toons: Bugged,2013,G,Animated,Disney+
300179,Movie,Cheetah,1989,G,Action and Adventure,Disney+
300180,Movie,Chef Donald,1941,G,Animated,Disney+
300181,Movie,Chicken Little,2005,G,Animated,Disney+
300183,TV Show,Chip 'n Dale's Rescue Rangers,1989,G,Action and Adventure,Disney+
300185,Movie,Chip an' Dale,1947,G,Animated,Disney+
300188,Movie,Cinderella,1950,G,Animated,Disney+
300189,Movie,Cinderella II: Dreams Come True,2002,G,Animated,Disney+
300190,Movie,Cinderella III: A Twist in Time,2007,G,Animated,Disney+
300191,Movie,Clock Cleaners,1937,G,Animated,Disney+
300192,Movie,Cloud 9,2014,G,Sports,Disney+
300196,Movie,College Road Trip,2008,G,Comedy,Disney+
300201,TV Show,Coop and Cami Ask The World,2018,G,Comedy,Disney+
300202,TV Show,Coop and Cami Ask The World (Shorts),2018,G,Comedy,Disney+
300203,Movie,Corn Chips,1951,G,Animated,Disney+
300206,Movie,Cow Belles,2006,G,Comedy,Disney+
300213,Movie,Dadnapped,2009,G,Comedy,Disney+
300215,Movie,Darby O'Gill and the Little People,1959,G,Family,Disney+
300217,Movie,Davy Crockett and the River Pirates,1956,G,Action and Adventure,Disney+
300219,Movie,Day and Night,2010,G,Animated,Disney+
300221,Movie,Deep Blue,2005,G,Nature,Disney+
300222,Movie,Descendants 2,2017,G,Coming of Age,Disney+
300223,Movie,Descendants 3,2019,G,Coming of Age,Disney+
300224,Movie,Descendants: Royal Wedding,2021,G,Animated,Disney+
300225,TV Show,Destination World,2018,G,Nature,Disney+
300235,TV Show,Disney A.N.T. Farm,2011,G,Comedy,Disney+
300236,Movie,Disney Adventures in Babysitting,2016,G,Action and Adventure,Disney+
300238,Movie,Disney Avalon High,2010,G,Coming of Age,Disney+
300239,Movie,Disney Bad Hair Day,2015,G,Cartoons,Disney+
300240,TV Show,Disney Big Hero 6 The Series,2017,G,Action and Adventure,Disney+
300242,TV Show,Disney Channel Games 2008,2008,G,Fantasy,Disney+
300243,Movie,Disney Channel Halloween House Party,2020,G,Comedy,Disney+
300244,Movie,Disney Channel's Epic Holiday Showdown,2020,G,Fantasy,Disney+
300245,Movie,Disney Den Brother,2010,G,Comedy,Disney+
300246,Movie,Disney Descendants,2015,G,Coming of Age,Disney+
300247,TV Show,Disney Descendants Wicked World (Shorts),2015,G,Animated,Disney+
300250,TV Show,Disney Fam Jam,2020,G,Family,Disney+
300251,TV Show,Disney Family Sundays,2019,G,Animated,Disney+
300253,TV Show,Disney Fast Layne,2018,G,Action and Adventure,Disney+
300257,TV Show,Disney Gravity Falls (Shorts),2012,G,Animated,Disney+
300258,Movie,Disney Holiday Magic Quest,2020,G,Military and War,Disney+
300259,TV Show,Disney I Didn't Do It,2013,G,Comedy,Disney+
300263,TV Show,Disney JONAS,2008,G,Comedy,Disney+
300273,TV Show,Disney Legend of the Three Caballeros,2017,G,Action and Adventure,Disney+
300282,TV Show,Disney Parks Sunrise Series,2021,G,Nature,Disney+
300283,Movie,Disney Phineas and Ferb: Phineas and Ferb Star Wars,2014,G,Action and Adventure,Disney+
300285,TV Show,Disney Presents Goofy in How to Stay at Home,2021,G,Animated,Disney+
300286,Movie,Disney Princess Remixed - An Ultimate Princess Celebration,2021,G,Family,Disney+
300289,TV Show,Disney Raven's Home,2016,G,Comedy,Disney+
300294,TV Show,Disney Sydney To The Max,2018,G,Comedy,Disney+
300295,TV Show,Disney Take Two With Phineas And Ferb (Shorts),2010,G,Animated,Disney+
300299,Movie,Disney Under The Sea: A Descendants Short Story,2018,G,Fantasy,Disney+
300302,Movie,Disney Zombies 2,2020,G,Coming of Age,Disney+
300305,Movie,Disney's Broadway Hits at London's Royal Albert Hall,2016,G,Coming of Age,Disney+
300310,TV Show,Disney's Kim Possible,2001,G,Action and Adventure,Disney+
300312,TV Show,Disney's Magic Bake-Off,2021,G,Family,Disney+
300315,TV Show,Disney's The Emperor's New School,2005,G,Animated,Disney+
300319,Movie,Disneynature African Cats,2011,G,Nature,Disney+
300320,Movie,Disneynature Bears,2014,G,Nature,Disney+
300321,Movie,Disneynature Born in China,2017,G,Nature,Disney+
300322,Movie,Disneynature Chimpanzee,2012,G,Nature,Disney+
300323,Movie,Disneynature Crimson Wing,2008,G,Nature,Disney+
300324,Movie,Disneynature Monkey Kingdom,2015,G,Nature,Disney+
300325,Movie,Disneynature Oceans,2010,G,Nature,Disney+
300326,Movie,Disneynature Penguins,2019,G,Nature,Disney+
300327,Movie,Disneynature Wings of Life,2011,G,Nature,Disney+
300328,Movie,Diving with Dolphins,2020,G,Nature,Disney+
300331,TV Show,Dog Whisperer with Cesar Millan,2004,G,Nature,Disney+
300332,TV Show,Dog With a Blog,2012,G,Comedy,Disney+
300334,Movie,Dolphin Reef,2018,G,Nature,Disney+
300335,Movie,Don's Fountain of Youth,1953,G,Animated,Disney+
300337,Movie,Donald's Dog Laundry,1940,G,Animated,Disney+
300338,Movie,Donald's Golf Game,1938,G,Animated,Disney+
300339,Movie,Donald's Tire Trouble,1943,G,Animated,Disney+
300341,Movie,Dory's Reef Cam,2020,G,Animated,Disney+
300342,Movie,Double Dribble,1946,G,Animated,Disney+
300343,Movie,Double Teamed,2002,G,Biographical,Disney+
300344,Movie,Doug's 1st Movie,1999,G,Animated,Disney+
300347,Movie,Dr. Seuss' Horton Hears a Who!,2008,G,Animated,Disney+
300349,Movie,Dragon Around,1954,G,Animated,Disney+
300358,Movie,Duck the Halls: A Mickey Mouse Christmas Special,2016,G,Animated,Disney+
300360,Movie,DuckTales The Movie: Treasure of the Lost Lamp,1990,G,Action and Adventure,Disney+
300364,Movie,Early to Bed,1941,G,Animated,Disney+
300366,TV Show,Earth Moods,2021,G,Nature,Disney+
300370,Movie,Eddie's Million Dollar Cook-off,2003,G,Comedy,Disney+
300375,Movie,Elephant,2020,G,Nature,Disney+
300376,Movie,Elmer Elephant,1936,G,Animated,Disney+
300383,Movie,Escape to Witch Mountain,1975,G,Action and Adventure,Disney+
300384,TV Show,Europe from Above,2019,G,Documentary,Disney+
300393,Movie,Fantasia,1940,G,Animated,Disney+
300394,Movie,Fantasia 2000,2000,G,Animated,Disney+
300400,Movie,Far Away From Raven‚Äôs Home,2021,G,Comedy,Disney+
300403,Movie,Feast,2014,G,Animated,Disney+
300405,Movie,Ferdinand the Bull,1938,G,Animated,Disney+
300407,Movie,Finding Nemo,2003,G,Action and Adventure,Disney+
300410,TV Show,Fish Hooks,2010,G,Animated,Disney+
300419,Movie,Food for Feudin',1950,G,Animated,Disney+
300420,Movie,For the Birds,2001,G,Animated,Disney+
300421,Movie,Forky Asks a Question: What is a Computer?,2019,G,Animated,Disney+
300422,Movie,Forky Asks a Question: What is a Friend?,2019,G,Animated,Disney+
300423,Movie,Forky Asks a Question: What is a Leader?,2019,G,Animated,Disney+
300424,Movie,Forky Asks a Question: What is a Pet?,2019,G,Animated,Disney+
300425,Movie,Forky Asks a Question: What is Art?,2019,G,Animated,Disney+
300426,Movie,Forky Asks a Question: What is Cheese?,2020,G,Animated,Disney+
300427,Movie,Forky Asks a Question: What is Love?,2019,G,Animated,Disney+
300428,Movie,Forky Asks a Question: What is Money?,2019,G,Animated,Disney+
300429,Movie,Forky Asks a Question: What is Reading?,2020,G,Animated,Disney+
300430,Movie,Forky Asks a Question: What is Time?,2019,G,Animated,Disney+
300436,Movie,Frenemies,2012,G,Animated,Disney+
300437,Movie,From Our Family to Yours,2020,G,Animated,Disney+
300440,Movie,Frozen Fever,2015,G,Animated,Disney+
300441,Movie,Full-Court Miracle,2003,G,Coming of Age,Disney+
300442,Movie,Fun and Fancy Free,1947,G,Action and Adventure,Disney+
300445,Movie,Fuzzbucket,1986,G,Cartoons,Disney+
300447,TV Show,Gabby Duran And The Unsittables,2018,G,Comedy,Disney+
300452,Movie,Geek Charming,2011,G,Comedy,Disney+
300454,Movie,Genius,1999,G,Comedy,Disney+
300455,Movie,George and A.J.,2009,G,Animated,Disney+
300458,Movie,Geri's Game,1997,G,Animated,Disney+
300459,Movie,Get a Clue,2002,G,Drama,Disney+
300460,Movie,Get a Horse!,2013,G,Action and Adventure,Disney+
300463,TV Show,Girl Meets World,2013,G,Comedy,Disney+
300465,Movie,Gnomeo and Juliet,2011,G,Action and Adventure,Disney+
300466,Movie,Go Figure,2005,G,Coming of Age,Disney+
300468,Movie,Going to the Mat,2004,G,Coming of Age,Disney+
300470,TV Show,Good Luck Charlie,2009,G,Comedy,Disney+
300471,Movie,Good Luck Charlie  It's Christmas!,2011,G,Comedy,Disney+
300474,Movie,Gotta Kick it Up,2002,G,Coming of Age,Disney+
300475,Movie,Grand Canyonscope,1954,G,Animated,Disney+
300476,Movie,Grasshopper and the Ants,1934,G,Animated,Disney+
300480,Movie,Greyfriars Bobby,1961,G,Nature,Disney+
300483,Movie,Gus,1976,G,Nature,Disney+
300486,Movie,Halloweentown High,2004,G,Action and Adventure,Disney+
300491,TV Show,Hannah Montana,2005,G,Comedy,Disney+
300492,Movie,Hannah Montana and Miley Cyrus: Best of Both Worlds Concert,2008,G,Coming of Age,Disney+
300493,Movie,Hannah Montana The Movie,2009,G,Comedy,Disney+
300495,Movie,Happy Birthday  Mickey!,2019,G,Animated,Disney+
300496,Movie,Hatching Pete,2009,G,Comedy,Disney+
300497,Movie,Hawaiian Holiday,1937,G,Animated,Disney+
300501,Movie,Hello  Dolly!,1969,G,Comedy,Disney+
300503,Movie,Herbie Goes Bananas,1980,G,Action and Adventure,Disney+
300504,Movie,Herbie Goes to Monte Carlo,1977,G,Action and Adventure,Disney+
300505,Movie,Herbie Rides Again,1974,G,Comedy,Disney+
300506,Movie,Hercules,1997,G,Action and Adventure,Disney+
300509,Movie,High School Musical,2006,G,Coming of Age,Disney+
300510,Movie,High School Musical 2,2007,G,Coming of Age,Disney+
300511,Movie,High School Musical 3: Senior Year,2008,G,Coming of Age,Disney+
300512,Movie,High School Musical: The Musical: The Holiday Special,2020,G,Drama,Disney+
300515,Movie,High School Musical: The Musical: The Series: The Special,2019,G,Coming of Age,Disney+
300523,Movie,Homeward Bound II: Lost in San Francisco,1996,G,Action and Adventure,Disney+
300524,Movie,Homeward Bound: The Incredible Journey,1993,G,Action and Adventure,Disney+
300528,Movie,Horse Sense,1999,G,Coming of Age,Disney+
300530,Movie,Hounded,2001,G,Nature,Disney+
300532,Movie,How to Build a Better Boy,2014,G,Action and Adventure,Disney+
300533,Movie,How to Fish,1942,G,Animated,Disney+
300534,Movie,How to Play Baseball,1942,G,Animated,Disney+
300535,Movie,How To Play Football,1944,G,Animated,Disney+
300536,Movie,How to Swim,1942,G,Animated,Disney+
300542,Movie,Ice Age: A Mammoth Christmas,2011,G,Animated,Disney+
300545,Movie,Ice Age: The Great Egg-Scapade,2016,G,Animated,Disney+
300547,Movie,Ice Princess,2005,G,Coming of Age,Disney+
300552,Movie,In the Footsteps of Elephant,2020,G,Nature,Disney+
300557,Movie,Inner Workings,2016,G,Animated,Disney+
300561,Movie,Inspector Gadget 2,2003,G,Action and Adventure,Disney+
300567,Movie,Invisible Sister,2015,G,Comedy,Disney+
300569,TV Show,Iron Man Armored Adventures,2008,G,Action and Adventure,Disney+
300571,Movie,Island at the Top of the World,1974,G,Action and Adventure,Disney+
300575,Movie,Jack-Jack Attack,2005,G,Animated,Disney+
300586,Movie,Johnny Kapahala: Back on Board,2007,G,Coming of Age,Disney+
300587,Movie,Johnny Tsunami,1999,G,Coming of Age,Disney+
300588,Movie,Jonas Brothers: The Concert Experience,2009,G,Coming of Age,Disney+
300589,Movie,Journey to Shark Eden,2010,G,Action and Adventure,Disney+
300590,Movie,Journey to the Center of the Earth,1959,G,Action and Adventure,Disney+
300591,Movie,Jump In!,2007,G,Coming of Age,Disney+
300592,Movie,Jumping Ship,2001,G,Action and Adventure,Disney+
300598,Movie,Just Roll With It: You Decide Live!,2019,G,Comedy,Disney+
300599,Movie,Justin Morgan had a Horse,1972,G,Nature,Disney+
300604,Movie,Kim Possible,2019,G,Action and Adventure,Disney+
300605,Movie,Kim Possible Movie: So the Drama,2005,G,Action and Adventure,Disney+
300613,Movie,Knick Knack Theatrical Short,2003,G,Animated,Disney+
300614,Movie,Kronk's New Groove,2005,G,Animated,Disney+
300615,Movie,La Luna,2012,G,Animated,Disney+
300618,Movie,Lady and the Tramp II: Scamp's Adventure,2001,G,Action and Adventure,Disney+
300619,Movie,Lambert  The Sheepish Lion,1952,G,Animated,Disney+
300620,Movie,Lamp Life,2020,G,Animated,Disney+
300621,Movie,Lava,2015,G,Animated,Disney+
300636,Movie,Lemonade Mouth,2011,G,Coming of Age,Disney+
300638,Movie,Leroy and Stitch,2006,G,Action and Adventure,Disney+
300639,Movie,Let it Shine,2012,G,Coming of Age,Disney+
300641,Movie,Let's Stick Together,1952,G,Animated,Disney+
300644,Movie,Life is Ruff,2005,G,Nature,Disney+
300647,Movie,Lifted,2006,G,Animated,Disney+
300651,TV Show,Liv and Maddie,2013,G,Comedy,Disney+
300652,TV Show,Lizzie McGuire,2000,G,Comedy,Disney+
300663,Movie,Lou,2017,G,Action and Adventure,Disney+
300666,Movie,Luck of the Irish,2001,G,Comedy,Disney+
300667,Movie,Luxo Jr.,1986,G,Animated,Disney+
300669,Movie,"Maggie Simpson in ""Playdate with Destiny""",2020,G,Animated,Disney+
300675,Movie,Mail Dog,1947,G,Animated,Disney+
300683,Movie,Mars and Beyond,1957,G,Animated,Disney+
300742,Movie,Mary Poppins,1964,G,Family,Disney+
300750,Movie,Meet the Robinsons,2007,G,Action and Adventure,Disney+
300755,Movie,Mickey and the Seal,1948,G,Animated,Disney+
300756,Movie,Mickey Down Under,1948,G,Animated,Disney+
300757,TV Show,Mickey Go Local,2019,G,Animated,Disney+
300758,TV Show,Mickey Mouse (Shorts),2012,G,Animated,Disney+
300763,Movie,Mickey  Donald  Goofy: The Three Musketeers,2004,G,Action and Adventure,Disney+
300764,Movie,Mickey's Birthday Party,1942,G,Animated,Disney+
300765,Movie,Mickey's Christmas Carol,1983,G,Animated,Disney+
300766,Movie,Mickey's Delayed Date,1947,G,Animated,Disney+
300767,Movie,Mickey's Once Upon a Christmas,1999,G,Animated,Disney+
300768,Movie,Mickey's Rival,1936,G,Animated,Disney+
300771,Movie,Mickey's Twice Upon a Christmas,2004,G,Animated,Disney+
300774,Movie,Mike's New Car,2002,G,Animated,Disney+
300777,Movie,Minutemen,2008,G,Action and Adventure,Disney+
300781,Movie,Miracle in Lane 2,2000,G,Biographical,Disney+
300782,Movie,Miracle Landing on the Hudson,2014,G,Action and Adventure,Disney+
300791,TV Show,Monsters at Work,2021,G,Animated,Disney+
300792,Movie,Monsters University,2013,G,Animated,Disney+
300793,Movie,Monsters  Inc.,2001,G,Animated,Disney+
300796,Movie,Motocrossed,2001,G,Drama,Disney+
300798,Movie,Mr. Duck Steps Out,1940,G,Animated,Disney+
300801,Movie,Mr. Mouse Takes a Trip,1940,G,Animated,Disney+
300804,Movie,Mulan II,2005,G,Action and Adventure,Disney+
300808,Movie,Muppet Treasure Island,1996,G,Action and Adventure,Disney+
300815,Movie,Myth: A Frozen Tale,2021,G,Animated,Disney+
300818,TV Show,Nature Boom Time,2016,G,Nature,Disney+
300824,Movie,Noelle,2019,G,Comedy,Disney+
300825,Movie,Nona,2021,G,Animated,Disney+
300827,Movie,Now You See It,2005,G,Coming of Age,Disney+
300833,Movie,Olaf's Frozen Adventure,2017,G,Animated,Disney+
300834,Movie,Old Yeller,1957,G,Nature,Disney+
300835,Movie,Oliver and Company,1988,G,Action and Adventure,Disney+
300836,Movie,On Ice,1935,G,Animated,Disney+
300844,Movie,One Magic Christmas,1985,G,Drama,Disney+
300845,Movie,One Man Band,2006,G,Animated,Disney+
300852,Movie,Out of Scale,1951,G,Animated,Disney+
300853,TV Show,Out of the Box,1998,G,Kids,Disney+
300857,Movie,Paperman,2012,G,Animated,Disney+
300860,Movie,Partly Cloudy,2009,G,Animated,Disney+
300861,TV Show,Party Animals,2016,G,Nature,Disney+
300863,Movie,Penguins: Life on the Edge,2020,G,Nature,Disney+
300866,Movie,Perri,1957,G,Nature,Disney+
300868,Movie,Peter Pan,1953,G,Action and Adventure,Disney+
300869,Movie,Peter Pan: Return to Never Land,2002,G,Action and Adventure,Disney+
300870,Movie,Petra: Secrets of the Ancient Builders,2019,G,Documentary,Disney+
300871,Movie,Phantom of the Megaplex,2000,G,Comedy,Disney+
300872,TV Show,Phil of the Future,2003,G,Comedy,Disney+
300873,TV Show,Phineas and Ferb,2007,G,Action and Adventure,Disney+
300874,Movie,Phineas and Ferb the Movie: Across the 2nd Dimension,2011,G,Action and Adventure,Disney+
300875,Movie,Phineas and Ferb The Movie: Candace Against the Universe,2020,G,Action and Adventure,Disney+
300876,Movie,Phineas and Ferb: Mission Marvel,2013,G,Action and Adventure,Disney+
300880,Movie,Piglet's Big Movie,2003,G,Action and Adventure,Disney+
300881,Movie,Pinocchio,1940,G,Animated,Disney+
300882,Movie,Piper,2016,G,Nature,Disney+
300888,Movie,Pixar 2021 Disney+ Day Special,2021,G,Military and War,Disney+
300889,TV Show,Pixar In Real Life,2019,G,Animated,Disney+
300891,Movie,Pixel Perfect,2004,G,Comedy,Disney+
300900,Movie,Pluto's Party,1952,G,Animated,Disney+
300901,Movie,Pluto's Purchase,1948,G,Animated,Disney+
300902,Movie,Pluto's Surprise Package,1949,G,Animated,Disney+
300903,Movie,Pluto's Sweater,1949,G,Animated,Disney+
300904,Movie,Pocahontas,1995,G,Action and Adventure,Disney+
300905,Movie,Pocahontas II: Journey to a New World,1998,G,Action and Adventure,Disney+
300906,Movie,Pollyanna,1960,G,Coming of Age,Disney+
300908,Movie,Pooh's Grand Adventure: The Search for Christopher Robin,1997,G,Action and Adventure,Disney+
300909,Movie,Pooh's Heffalump Movie,2005,G,Action and Adventure,Disney+
300912,Movie,Prep and Landing,2009,G,Animated,Disney+
300913,Movie,Prep and Landing: Naughty vs. Nice,2011,G,Animated,Disney+
300914,Movie,Prep and Landing: Operation Secret Santa,2010,G,Animated,Disney+
300915,Movie,Presto,2008,G,Animated,Disney+
300918,Movie,Princess Protection Program,2009,G,Cartoons,Disney+
300921,TV Show,Puppy Dog Pals,2016,G,Animated,Disney+
300922,Movie,Puppy for Hanukkah,2020,G,Comedy,Disney+
300926,Movie,Quints,2000,G,Comedy,Disney+
300930,Movie,Ratatouille,2007,G,Animated,Disney+
300932,Movie,Read It and Weep,2006,G,Comedy,Disney+
300934,Movie,Ready to Run,2000,G,Nature,Disney+
300935,Movie,Recess: All Growed Down,2003,G,Animated,Disney+
300936,Movie,Recess: School's Out,2001,G,Animated,Disney+
300937,Movie,Recess: Taking the 5th Grade,2003,G,Animated,Disney+
300939,Movie,Red's Dream,1987,G,Animated,Disney+
300941,Movie,Rescue Dog,1947,G,Animated,Disney+
300942,Movie,Return from Witch Mountain,1978,G,Action and Adventure,Disney+
300945,Movie,Richie Rich's Christmas Wish,1998,G,Action and Adventure,Disney+
300946,Movie,Right on Track,2003,G,Cartoons,Disney+
300947,Movie,Riley‚Äôs First Date?,2015,G,Animated,Disney+
300948,Movie,Rio,2011,G,Action and Adventure,Disney+
300949,Movie,Rip Girls,2000,G,Coming of Age,Disney+
300950,Movie,Robin Hood,1973,G,Action and Adventure,Disney+
300952,Movie,Rodgers and Hammerstein's Cinderella,1997,G,Comedy,Disney+
300958,Movie,Roving Mars,2006,G,Documentary,Disney+
300961,Movie,Sacred Planet,2004,G,Nature,Disney+
300964,TV Show,Sam's Zookeeper Challenge,2018,G,Nature,Disney+
300965,Movie,Sammy  The Way-Out Seal,1962,G,Nature,Disney+
300967,Movie,Santa Buddies: The Legend of Santa Paws,2009,G,Comedy,Disney+
300968,Movie,Santa Paws 2: The Santa Pups,2012,G,Fantasy,Disney+
300969,Movie,Santa's Workshop,1932,G,Animated,Disney+
300971,TV Show,Schoolhouse Rock!,1973,G,Nature,Disney+
300973,TV Show,Scuba Sam's World,2018,G,Nature,Disney+
300976,Movie,Secret of The Wings,2012,G,Animated,Disney+
300990,TV Show,Shake It Up,2010,G,Cartoons,Disney+
300992,Movie,Shanghai Disney Resort Grand Opening Gala,2016,G,Horror,Disney+
301002,Movie,Sharpay's Fabulous Adventure,2011,G,Comedy,Disney+
301005,TV Show,Shop Class,2020,G,Family,Disney+
301012,Movie,Sleeping Beauty,1959,G,Animated,Disney+
301013,TV Show,Smart Guy,1996,G,Comedy,Disney+
301014,Movie,Smart House,1999,G,Comedy,Disney+
301017,Movie,Snow Buddies,2008,G,Action and Adventure,Disney+
301018,Movie,Snow White and The Seven Dwarfs,1937,G,Animated,Disney+
301019,Movie,Snowball Express,1972,G,Comedy,Disney+
301021,TV Show,So Random!,2011,G,Comedy,Disney+
301023,Movie,Society Dog Show,1939,G,Animated,Disney+
301025,TV Show,Sonny With A Chance,2008,G,Comedy,Disney+
301027,TV Show,Soy Luna,2015,G,Comedy,Disney+
301028,Movie,Space Buddies,2009,G,Action and Adventure,Disney+
301029,TV Show,Spaced Out,2018,G,Documentary,Disney+
301037,Movie,Spin,2021,G,Coming of Age,Disney+
301039,Movie,Spooky Buddies,2011,G,Comedy,Disney+
301041,Movie,Star Wars Biomes,2021,G,Sci-Fi and Fantasy,Disney+
301047,TV Show,Star Wars Vehicle Flythroughs,2021,G,Animated,Disney+
301066,Movie,Starstruck,2010,G,Comedy,Disney+
301068,Movie,Stepsister from Planet Weird,2000,G,Comedy,Disney+
301069,Movie,Stitch! The Movie,2003,G,Animated,Disney+
301073,Movie,Stuck in the Suburbs,2004,G,Comedy,Disney+
301076,Movie,Super Buddies,2013,G,Action and Adventure,Disney+
301077,Movie,Super Rhino,2009,G,Action and Adventure,Disney+
301082,TV Show,TaleSpin,1990,G,Action and Adventure,Disney+
301086,Movie,Tangled Ever After,2012,G,Animated,Disney+
301088,Movie,Tarzan,1999,G,Action and Adventure,Disney+
301090,Movie,Tarzan II,2005,G,Action and Adventure,Disney+
301092,Movie,Teen Beach 2,2015,G,Fantasy,Disney+
301093,Movie,Teen Beach Movie,2013,G,Coming of Age,Disney+
301097,Movie,That Darn Cat!,1965,G,Nature,Disney+
301098,TV Show,That's So Raven,2002,G,Comedy,Disney+
301099,Movie,The Absent-Minded Professor,1961,G,Comedy,Disney+
301100,Movie,The Adventures of Andr?© and Wally B.,1984,G,Animated,Disney+
301103,Movie,The Adventures of Ichabod and Mr. Toad,1949,G,Action and Adventure,Disney+
301104,TV Show,The Adventures of Spin and Marty,1955,G,Cartoons,Disney+
301105,Movie,The African Lion,1955,G,Nature,Disney+
301106,Movie,The Apple Dumpling Gang,1975,G,Comedy,Disney+
301107,Movie,The Apple Dumpling Gang Rides Again,1979,G,Comedy,Disney+
301108,Movie,The Aristocats,1970,G,Action and Adventure,Disney+
301109,Movie,The Art of Skiing,1941,G,Animated,Disney+
301113,Movie,The Ballad of Nessie,2011,G,Animated,Disney+
301121,Movie,The Biscuit Eater,1972,G,Nature,Disney+
301124,Movie,The Blue Umbrella,2013,G,Animated,Disney+
301130,Movie,The Brave Little Toaster Goes to Mars,1998,G,Action and Adventure,Disney+
301131,Movie,The Castaway Cowboy,1974,G,Action and Adventure,Disney+
301132,Movie,The Cat from Outer Space,1978,G,Comedy,Disney+
301133,Movie,The Cheetah Girls,2003,G,Coming of Age,Disney+
301134,Movie,The Cheetah Girls 2,2006,G,Coming of Age,Disney+
301135,Movie,The Cheetah Girls: One World,2008,G,Comedy,Disney+
301136,Movie,The Christmas Star,1986,G,Crime,Disney+
301140,Movie,The Color of Friendship,2000,G,Biographical,Disney+
301141,Movie,The Computer Wore Tennis Shoes,1969,G,Comedy,Disney+
301142,Movie,The Country Bears,2002,G,Comedy,Disney+
301144,Movie,The Disney Holiday Singalong,2020,G,Family,Disney+
301145,Movie,The Emperor's New Groove,2000,G,Action and Adventure,Disney+
301146,Movie,The Even Stevens Movie,2003,G,Action and Adventure,Disney+
301152,Movie,The Fox and the Hound,1981,G,Action and Adventure,Disney+
301153,Movie,The Fox and the Hound 2,2006,G,Action and Adventure,Disney+
301162,Movie,The Great Mouse Detective,1986,G,Animated,Disney+
301163,Movie,The Great Muppet Caper,1981,G,Comedy,Disney+
301167,Movie,The Happiest Millionaire,1967,G,Biographical,Disney+
301171,Movie,The Hockey Champ,1939,G,Animated,Disney+
301172,Movie,The Hunchback of Notre Dame,1996,G,Action and Adventure,Disney+
301173,Movie,The Hunchback of Notre Dame II,2002,G,Action and Adventure,Disney+
301178,Movie,The Incredible Journey,1963,G,Action and Adventure,Disney+
301182,Movie,The Jungle Book 2,2003,G,Action and Adventure,Disney+
301183,Movie,The Jungle Book: Mowgli's Story,1998,G,Action and Adventure,Disney+
301188,Movie,The Legend of Mor'du,2012,G,Animated,Disney+
301191,Movie,The Lion King 1 1/2,2004,G,Action and Adventure,Disney+
301192,Movie,The Lion King 2: Simba's Pride,1998,G,Action and Adventure,Disney+
301193,Movie,The Little Matchgirl,2006,G,Animated,Disney+
301194,Movie,The Little Mermaid,1989,G,Animated,Disney+
301195,Movie,The Little Mermaid II:  Return to the Sea,2000,G,Animated,Disney+
301196,Movie,The Little Mermaid:  Ariel's Beginning,2008,G,Animated,Disney+
301199,Movie,The Living Desert,1953,G,Nature,Disney+
301201,TV Show,The Lodge,2016,G,Coming of Age,Disney+
301203,Movie,The Love Bug (1969),1969,G,Action and Adventure,Disney+
301209,Movie,The Million Dollar Duck,1971,G,Comedy,Disney+
301214,Movie,The Muppet Christmas Carol,1992,G,Comedy,Disney+
301215,Movie,The Muppet Movie,1979,G,Action and Adventure,Disney+
301221,Movie,The New Neighbor,1953,G,Animated,Disney+
301225,Movie,The Olympic Champ,1942,G,Animated,Disney+
301226,Movie,The Olympic Elk,1952,G,Nature,Disney+
301230,Movie,The Parent Trap (1961),1961,G,Comedy,Disney+
301231,Movie,The Peanuts Movie,2015,G,Animated,Disney+
301232,Movie,The Pied Piper,1933,G,Animated,Disney+
301233,Movie,The Pirate Fairy,2014,G,Action and Adventure,Disney+
301234,Movie,The Pixar Story,2007,G,Documentary,Disney+
301236,Movie,The Poof Point,2001,G,Comedy,Disney+
301237,Movie,The Prince and the Pauper,1962,G,Action and Adventure,Disney+
301238,Movie,The Princess and the Frog,2009,G,Animated,Disney+
301240,Movie,The Princess Diaries,2001,G,Comedy,Disney+
301241,Movie,The Princess Diaries 2: Royal Engagement,2004,G,Comedy,Disney+
301242,TV Show,The Proud Family,2001,G,Animated,Disney+
301243,Movie,The Proud Family Movie,2005,G,Animated,Disney+
301244,Movie,The Proud Family: Louder and Prouder,2021,G,Animated,Disney+
301247,Movie,The Reluctant Dragon,1941,G,Animated,Disney+
301248,TV Show,The Replacements,2006,G,Animated,Disney+
301249,Movie,The Rescuers,1977,G,Action and Adventure,Disney+
301250,Movie,The Rescuers Down Under,1990,G,Action and Adventure,Disney+
301253,Movie,The Rookie,2002,G,Biographical,Disney+
301258,Movie,The Santa Clause 2,2002,G,Comedy,Disney+
301259,Movie,The Santa Clause 3: The Escape Clause,2006,G,Comedy,Disney+
301260,Movie,The Scariest Story Ever: A Mickey Mouse Halloween Spooktacular,2017,G,Animated,Disney+
301262,Movie,The Search for Santa Paws,2010,G,Drama,Disney+
301263,Movie,The Secret of the Magic Gourd,2009,G,Fantasy,Disney+
301264,Movie,The Shaggy D.A.,1976,G,Comedy,Disney+
301265,Movie,The Shaggy Dog,1959,G,Comedy,Disney+
301266,Movie,The Sign of Zorro,1960,G,Action and Adventure,Disney+
301267,Movie,The Simple Things,1953,G,Animated,Disney+
301272,Movie,The Sound of Music,1965,G,Biographical,Disney+
301275,Movie,The Straight Story,1999,G,Biographical,Disney+
301276,Movie,The Strongest Man in the World,1975,G,Comedy,Disney+
301277,Movie,The Suite Life Movie,2011,G,Comedy,Disney+
301278,TV Show,The Suite Life of Zack and Cody,2004,G,Action and Adventure,Disney+
301279,TV Show,The Suite Life On Deck,2008,G,Action and Adventure,Disney+
301281,Movie,The Swap,2016,G,Comedy,Disney+
301282,Movie,The Sword in the Stone,1963,G,Action and Adventure,Disney+
301283,Movie,The Thirteenth Year,1999,G,Coming of Age,Disney+
301284,Movie,The Three Caballeros,1945,G,Animated,Disney+
301286,Movie,The Tigger Movie,2000,G,Action and Adventure,Disney+
301287,Movie,The Tortoise and the Hare,1935,G,Animated,Disney+
301288,Movie,The Ugly Dachshund,1966,G,Nature,Disney+
301290,Movie,The Ultimate Christmas Present,2000,G,Comedy,Disney+
301292,Movie,The Vanishing Prairie,1954,G,Nature,Disney+
301293,Movie,The Wild,2006,G,Action and Adventure,Disney+
301295,Movie,The Wise Little Hen,1934,G,Animated,Disney+
301297,Movie,The Wizards Return: Alex vs. Alex,2013,G,Comedy,Disney+
301299,TV Show,The Wonderful World of Mickey Mouse,2020,G,Action and Adventure,Disney+
301301,Movie,The Young Black Stallion,2003,G,Action and Adventure,Disney+
301302,Movie,Third Man on the Mountain,1959,G,Action and Adventure,Disney+
301305,Movie,Three Days,2001,G,Drama,Disney+
301310,Movie,Thru the Mirror,1936,G,Animated,Disney+
301311,Movie,Thumbelina,1994,G,Animated,Disney+
301312,Movie,Tick Tock Tale,2010,G,Animated,Disney+
301317,Movie,Tin Toy,1988,G,Animated,Disney+
301318,Movie,Tinker Bell,2008,G,Action and Adventure,Disney+
301319,Movie,Tinker Bell and the Great Fairy Rescue,2010,G,Action and Adventure,Disney+
301320,Movie,Tinker Bell and the Legend of the NeverBeast,2014,G,Action and Adventure,Disney+
301321,Movie,Tinker Bell and the Lost Treasure,2009,G,Action and Adventure,Disney+
301327,Movie,Toy Story,1995,G,Action and Adventure,Disney+
301328,Movie,Toy Story 2,1999,G,Action and Adventure,Disney+
301329,Movie,Toy Story 3,2010,G,Animated,Disney+
301330,Movie,Toy Story 4,2019,G,Action and Adventure,Disney+
301331,Movie,Toy Story of Terror!,2013,G,Animated,Disney+
301332,Movie,Toy Story Toons: Hawaiian Vacation,2011,G,Animated,Disney+
301333,Movie,Toy Story Toons: Partysaurus Rex,2012,G,Animated,Disney+
301334,Movie,Toy Story Toons: Small Fry,2011,G,Animated,Disney+
301335,Movie,Toy Story: That Time Forgot,2014,G,Action and Adventure,Disney+
301336,Movie,Trail Mix-Up,1993,G,Action and Adventure,Disney+
301337,Movie,Trail of the Panda,2009,G,Action and Adventure,Disney+
301338,Movie,Trailer Horn,1950,G,Animated,Disney+
301339,Movie,Treasure Buddies,2012,G,Action and Adventure,Disney+
301341,Movie,Treasure of Matecumbe,1976,G,Action and Adventure,Disney+
301344,Movie,Trick or Treat,1952,G,Animated,Disney+
301347,Movie,Tru Confessions,2002,G,Coming of Age,Disney+
301349,Movie,Tugboat Mickey,1940,G,Animated,Disney+
301350,Movie,Tummy Trouble,1989,G,Action and Adventure,Disney+
301354,Movie,Twas the Night,2001,G,Comedy,Disney+
301361,Movie,Under Wraps,2021,G,Action and Adventure,Disney+
301363,Movie,Unidentified Flying Oddball,1979,G,Action and Adventure,Disney+
301366,TV Show,Unlikely Animal Friends,2012,G,Nature,Disney+
301368,Movie,Up  Up and Away,2000,G,Comedy,Disney+
301370,Movie,Us Again,2021,G,Animated,Disney+
301371,Movie,Valiant,2005,G,Action and Adventure,Disney+
301373,TV Show,Violetta,2011,G,Coming of Age,Disney+
301377,Movie,WALL-E,2008,G,Action and Adventure,Disney+
301382,Movie,Water Birds,1952,G,Nature,Disney+
301384,TV Show,Weird But True!,2017,G,Nature,Disney+
301385,TV Show,Weirdest  Bestest  Truest,2018,G,Nature,Disney+
301388,TV Show,What Sam Sees,2018,G,Nature,Disney+
301392,Movie,Whispers: An Elephant's Tale,2000,G,Action and Adventure,Disney+
301403,Movie,Wild Hearts Can't Be Broken,1991,G,Biographical,Disney+
301411,Movie,Wind,2019,G,Animated,Disney+
301413,Movie,Winnie the Pooh,2011,G,Animated,Disney+
301414,Movie,Winnie the Pooh: A Very Merry Pooh Year,2002,G,Animated,Disney+
301415,Movie,Winnie the Pooh: Springtime with Roo,2004,G,Animated,Disney+
301416,Movie,Winter Storage,1949,G,Animated,Disney+
301417,TV Show,Wizards of Waverly Place,2007,G,Comedy,Disney+
301418,Movie,Wizards of Waverly Place: The Movie,2009,G,Action and Adventure,Disney+
301440,Movie,You Lucky Dog,1998,G,Comedy,Disney+
301441,Movie,You Wish!,2003,G,Coming of Age,Disney+
301442,Movie,Your Friend the Rat,2007,G,Animated,Disney+
301443,Movie,Z-O-M-B-I-E-S,2018,G,Coming of Age,Disney+
301444,Movie,Zapped,2014,G,Comedy,Disney+
301445,TV Show,Zenimation,2020,G,Animated,Disney+
301446,Movie,Zenon: Girl of the 21st Century,1999,G,Comedy,Disney+
301447,Movie,Zenon: The Zequel,2001,G,Comedy,Disney+
301448,Movie,Zenon: Z3,2004,G,Comedy,Disney+
301449,TV Show,Zombies: Addison's Moonstone Mystery,2020,G,Animated,Disney+
300007,Movie,12 Dates of Christmas,2011,PG,Comedy,Disney+
300009,Movie,22 vs. Earth,2021,PG,Animated,Disney+
300010,Movie,700 Sharks,2018,PG,Nature,Disney+
300012,Movie,A Celebration of the Music from Coco,2020,PG,Coming of Age,Disney+
300014,Movie,A Kid in King Arthur's Court,1995,PG,Action and Adventure,Disney+
300017,Movie,A Pre-Opening Report from Disneyland,1955,PG,Documentary,Disney+
300019,Movie,A Spark Story,2021,PG,Documentary,Disney+
300021,Movie,A Wrinkle in Time,2018,PG,Action and Adventure,Disney+
300022,Movie,Adventure Thru the Walt Disney Archives,2020,PG,Documentary,Disney+
300023,Movie,Adventures in Babysitting,1987,PG,Action and Adventure,Disney+
300026,Movie,Aladdin (2019),2019,PG,Action and Adventure,Disney+
300029,TV Show,Alaska Animal Rescue,2019,PG,Nature,Disney+
300030,TV Show,Alaska's Grizzly Gauntlet,2018,PG,Nature,Disney+
300031,Movie,Alexander and the Terrible  Horrible  No Good  Very Bad Day,2014,PG,Comedy,Disney+
300033,Movie,Alice Through the Looking Glass,2016,PG,Action and Adventure,Disney+
300037,Movie,Almost Angels,1962,PG,Coming of Age,Disney+
300038,Movie,Alvin and the Chipmunks,2007,PG,Animated,Disney+
300040,Movie,Alvin and the Chipmunks: The Road Chip,2015,PG,Comedy,Disney+
300041,Movie,America the Beautiful,2021,PG,Nature,Disney+
300042,TV Show,America's Funniest Home Videos,1989,PG,Comedy,Disney+
300043,TV Show,America's Funniest Home Videos: Animal Edition,2021,PG,Reality,Disney+
300044,Movie,America's Greatest Animals,2012,PG,Nature,Disney+
300045,Movie,America's Heart and Soul,2004,PG,Documentary,Disney+
300049,TV Show,Among the Stars,2021,PG,Documentary,Disney+
300055,TV Show,Animal ER,2016,PG,Nature,Disney+
300057,Movie,Annie,1999,PG,Drama,Disney+
300058,TV Show,Apollo: Back To The Moon,2019,PG,Documentary,Disney+
300059,Movie,Apollo: Missions To The Moon,2019,PG,Documentary,Disney+
300060,Movie,Aquamarine,2006,PG,Comedy,Disney+
300062,Movie,Around the World in 80 Days,2004,PG,Action and Adventure,Disney+
300063,Movie,Artemis Fowl,2020,PG,Action and Adventure,Disney+
300064,Movie,Atlantis Rising,2017,PG,Documentary,Disney+
300066,Movie,Atlantis: The Lost Empire,2001,PG,Action and Adventure,Disney+
300070,TV Show,Awesome Animals,2017,PG,Nature,Disney+
300072,Movie,Babes in Toyland,1961,PG,Family,Disney+
300073,Movie,Baby's Day Out,1994,PG,Action and Adventure,Disney+
300074,Movie,Back to the Titanic,2020,PG,Documentary,Disney+
300081,Movie,Bearly Asleep,1955,PG,Animated,Disney+
300082,Movie,Beauty and the Beast,2017,PG,Family,Disney+
300085,Movie,Because of Winn-Dixie,2005,PG,Comedy,Disney+
300086,TV Show,Becoming,2020,PG,Animated,Disney+
300089,Movie,Bedtime Stories,2008,PG,Comedy,Disney+
300092,TV Show,Behind the Attraction,2021,PG,Documentary,Disney+
300098,Movie,Beverly Hills Chihuahua,2008,PG,Action and Adventure,Disney+
300102,Movie,Big Business,1988,PG,Comedy,Disney+
300103,Movie,Big Cat Games,2015,PG,Nature,Disney+
300106,Movie,Big Hero 6,2014,PG,Action and Adventure,Disney+
300109,TV Show,Big Shot,2021,PG,Comedy,Disney+
300110,Movie,Big Sur: Wild California,2010,PG,Nature,Disney+
300113,Movie,Bizarre Dinosaurs,2009,PG,Nature,Disney+
300114,Movie,Black Beauty,2020,PG,Nature,Disney+
300118,Movie,Blank Check,1994,PG,Comedy,Disney+
300121,Movie,Bob Ballard: An Explorer's Life,2021,PG,Biographical,Disney+
300122,Movie,Bolt,2008,PG,Action and Adventure,Disney+
300125,Movie,Born Wild: The Next Generation,2020,PG,Nature,Disney+
300127,TV Show,Boy Meets World,1993,PG,Comedy,Disney+
300129,Movie,Brave,2012,PG,Animated,Disney+
300130,Movie,Brave Little Tailor,1938,PG,Action and Adventure,Disney+
300133,Movie,Breaking2,2017,PG,Documentary,Disney+
300134,Movie,Bride of Boogedy,1987,PG,Action and Adventure,Disney+
300140,Movie,Built for Mars: The Perseverance Rover,2021,PG,Documentary,Disney+
300141,TV Show,Buried Secrets Of The Bible With Albert Lin,2019,PG,Action and Adventure,Disney+
300142,Movie,Buried Truth of the Maya,2020,PG,Documentary,Disney+
300146,Movie,Camp Nowhere,1994,PG,Comedy,Disney+
300149,Movie,Can of Worms,1999,PG,Comedy,Disney+
300153,TV Show,Car SOS,2012,PG,Cartoons,Disney+
300154,Movie,Caravan of Courage: An Ewok Adventure,1984,PG,Action and Adventure,Disney+
300173,Movie,Casebusters,1986,PG,Drama,Disney+
300175,Movie,Cesar Millan: The Real Story,2012,PG,Biographical,Disney+
300176,Movie,Chasing the Equinox,2019,PG,Documentary,Disney+
300177,Movie,Cheaper By the Dozen,2003,PG,Comedy,Disney+
300178,Movie,Cheaper by the Dozen 2,2005,PG,Comedy,Disney+
300186,Movie,Christopher Robin,2018,PG,Drama,Disney+
300187,Movie,Ciao Alberto,2021,PG,Animated,Disney+
300194,Movie,Coco,2017,PG,Animated,Disney+
300195,Movie,Coco (in Spanish),2017,PG,Animated,Disney+
300197,Movie,Confessions of a Shopaholic,2009,PG,Comedy,Disney+
300198,Movie,Confessions of a Teenage Drama Queen,2004,PG,Comedy,Disney+
300199,TV Show,Continent 7: Antarctica,2016,PG,Action and Adventure,Disney+
300200,Movie,Cool Runnings,1993,PG,Biographical,Disney+
300204,TV Show,Cosmos: A Spacetime Odyssey,2013,PG,Action and Adventure,Disney+
300207,Movie,Cradle of the Gods,2012,PG,Documentary,Disney+
300211,Movie,D2: The Mighty Ducks,1994,PG,Comedy,Disney+
300212,Movie,D3: The Mighty Ducks,1996,PG,Comedy,Disney+
300218,Movie,Davy Crockett  King of the Wild Frontier,1955,PG,Action and Adventure,Disney+
300220,Movie,Decorating Disney: Holiday Magic,2017,PG,Documentary,Disney+
300226,Movie,Destino,2003,PG,Animated,Disney+
300227,TV Show,Diary of a Future President,2020,PG,Comedy,Disney+
300228,Movie,Diary Of A Wimpy Kid,2010,PG,Comedy,Disney+
300229,Movie,Diary of a Wimpy Kid: Rodrick Rules,2011,PG,Comedy,Disney+
300230,Movie,Diary of a Wimpy Kid: The Long Haul,2017,PG,Comedy,Disney+
300231,Movie,Dinner Is Served,2021,PG,Coming of Age,Disney+
300233,Movie,Dinosaur,2000,PG,Action and Adventure,Disney+
300234,TV Show,Dinosaurs,1991,PG,Comedy,Disney+
300241,TV Show,Disney Bizaardvark,2015,PG,Cartoons,Disney+
300249,TV Show,Disney Evermoor,2017,PG,Sci-Fi and Fantasy,Disney+
300252,TV Show,Disney Fancy Nancy,2018,PG,Animated,Disney+
300254,TV Show,Disney Gallery / Star Wars: The Mandalorian,2020,PG,Action and Adventure,Disney+
300255,Movie,Disney Girl vs. Monster,2012,PG,Action and Adventure,Disney+
300260,TV Show,Disney Insider,2020,PG,Animated,Disney+
300261,TV Show,Disney Intertwined,2021,PG,Comedy,Disney+
300279,Movie,Disney My Music Story SUKIMASWITCH,2020,PG,Biographical,Disney+
300280,Movie,Disney My Music Story: Perfume,2019,PG,Biographical,Disney+
300281,Movie,Disney My Music Story: Yoshiki,2019,PG,Biographical,Disney+
300287,TV Show,Disney Prop Culture,2020,PG,Documentary,Disney+
300293,TV Show,Disney Stuck In The Middle,2015,PG,Comedy,Disney+
300303,Movie,Disney's A Christmas Carol,2009,PG,Animated,Disney+
300307,Movie,Disney's Fairy Tale Weddings,2017,PG,Family,Disney+
300308,Movie,Disney's Fairy Tale Weddings: Holiday Magic,2017,PG,Family,Disney+
300316,Movie,Disney's The Kid,2000,PG,Comedy,Disney+
300318,Movie,Disneyland Around the Seasons (Walt Disney's Wonderful World of Color: 1961-69),1966,PG,Documentary,Disney+
300333,TV Show,Dog: Impossible,2019,PG,Nature,Disney+
300336,Movie,Don't Look Under the Bed,1999,PG,Coming of Age,Disney+
300340,TV Show,Doogie Kamealoha  M.D.,2021,PG,Comedy,Disney+
300346,TV Show,Dr. Oakley  Yukon Vet,2013,PG,Action and Adventure,Disney+
300348,TV Show,Dr. T  Lone Star Vet,2019,PG,Documentary,Disney+
300350,Movie,Drain Alcatraz,2017,PG,Documentary,Disney+
300351,Movie,Drain The Bermuda Triangle,2014,PG,Documentary,Disney+
300352,Movie,Drain The Great Lakes,2011,PG,Documentary,Disney+
300353,Movie,Drain The Ocean: WWII,2016,PG,Documentary,Disney+
300354,TV Show,Drain the Oceans,2017,PG,Documentary,Disney+
300357,Movie,Drain The Titanic,2015,PG,Documentary,Disney+
300361,TV Show,Dug Days,2021,PG,Animated,Disney+
300362,Movie,Dug's Special Mission,2009,PG,Animated,Disney+
300363,Movie,Dumbo,2019,PG,Action and Adventure,Disney+
300365,Movie,Earth Live,2017,PG,Nature,Disney+
300367,TV Show,Earth to Ned,2020,PG,Comedy,Disney+
300371,Movie,Egypt's Treasure Guardians,2016,PG,Documentary,Disney+
300372,Movie,Eight Below,2006,PG,Action and Adventure,Disney+
300377,Movie,Emil and the Detectives,1964,PG,Action and Adventure,Disney+
300379,Movie,Enchanted,2007,PG,Comedy,Disney+
300381,Movie,Eragon,2006,PG,Action and Adventure,Disney+
300382,Movie,Ernest Saves Christmas,1988,PG,Comedy,Disney+
300385,TV Show,Even Stevens,2000,PG,Comedy,Disney+
300387,Movie,Ewoks: The Battle for Endor,1985,PG,Action and Adventure,Disney+
300388,Movie,Expedition Amelia,2019,PG,Action and Adventure,Disney+
300389,Movie,Expedition Everest,2020,PG,Nature,Disney+
300390,Movie,Expedition Mars: Spirit and Opportunity,2019,PG,Documentary,Disney+
300391,TV Show,Fairy Tale Weddings,2017,PG,Documentary,Disney+
300397,Movie,Fantastic Four: Rise of the Silver Surfer,2007,PG,Action and Adventure,Disney+
300399,Movie,Fantastic Mr. Fox,2009,PG,Animated,Disney+
300402,TV Show,Fearless Adventures with Jack Randall,2018,PG,Nature,Disney+
300404,Movie,Ferdinand,2017,PG,Action and Adventure,Disney+
300406,Movie,Finding Dory,2016,PG,Action and Adventure,Disney+
300409,Movie,First Kid,1996,PG,Cartoons,Disney+
300411,Movie,Flicka,2006,PG,Nature,Disney+
300412,Movie,Flight of the Navigator,1986,PG,Action and Adventure,Disney+
300413,Movie,Float,2019,PG,Animated,Disney+
300414,Movie,Flooded Tombs of the Nile,2021,PG,Documentary,Disney+
300415,Movie,Flora and Ulysses,2021,PG,Comedy,Disney+
300417,Movie,Flubber,1997,PG,Comedy,Disney+
300431,Movie,Frank and Ollie,1995,PG,Biographical,Disney+
300432,Movie,Frankenweenie,2012,PG,Animated,Disney+
300433,Movie,Frankenweenie (Short),1984,PG,Drama,Disney+
300434,Movie,Freaky Friday,2003,PG,Comedy,Disney+
300435,Movie,Free Solo,2018,PG,Action and Adventure,Disney+
300438,Movie,Frozen,2013,PG,Animated,Disney+
300439,Movie,Frozen 2,2019,PG,Action and Adventure,Disney+
300446,Movie,G-Force,2009,PG,Action and Adventure,Disney+
300448,Movie,Garfield,2004,PG,Comedy,Disney+
300449,Movie,Garfield: A Tail of Two Kitties,2006,PG,Comedy,Disney+
300451,TV Show,Gathering Storm,2020,PG,Nature,Disney+
300456,Movie,George of the Jungle,1997,PG,Action and Adventure,Disney+
300457,Movie,George of the Jungle 2,2003,PG,Action and Adventure,Disney+
300461,Movie,Giants of the Deep Blue,2018,PG,Nature,Disney+
300464,Movie,Glory Road,2006,PG,Biographical,Disney+
300467,Movie,Godmothered,2020,PG,Comedy,Disney+
300477,TV Show,Great Barrier Reef,2020,PG,Nature,Disney+
300478,TV Show,Great Migrations,2010,PG,Nature,Disney+
300479,Movie,Great Shark Chow Down,2019,PG,Nature,Disney+
300481,Movie,Growing Fangs,2021,PG,Coming of Age,Disney+
300482,TV Show,Growing Up Animal,2021,PG,Nature,Disney+
300484,Movie,Hacksaw,1971,PG,Nature,Disney+
300485,Movie,Halloweentown,1998,PG,Action and Adventure,Disney+
300487,Movie,Halloweentown II: Kalabar's Revenge,2001,PG,Action and Adventure,Disney+
300489,Movie,Hamilton: History Has Its Eyes on You,2020,PG,History,Disney+
300500,Movie,Heavyweights,1995,PG,Comedy,Disney+
300507,Movie,Hidden Figures,2016,PG,Biographical,Disney+
300513,TV Show,High School Musical: The Musical: The Series,2019,PG,Comedy,Disney+
300514,TV Show,High School Musical: The Musical: The Series: The Sing-Along,2019,PG,Comedy,Disney+
300516,Movie,Hocus Pocus,1993,PG,Comedy,Disney+
300517,Movie,Holes,2003,PG,Coming of Age,Disney+
300518,Movie,Home Alone,1990,PG,Comedy,Disney+
300519,Movie,Home Alone 2: Lost in New York,1992,PG,Comedy,Disney+
300520,Movie,Home Alone 3,1997,PG,Comedy,Disney+
300521,Movie,Home on the Range,2004,PG,Animated,Disney+
300522,Movie,Home Sweet Home Alone,2021,PG,Comedy,Disney+
300525,Movie,Honey  I Blew Up the Kid,1992,PG,Comedy,Disney+
300526,Movie,Honey  I Shrunk the Kids,1989,PG,Action and Adventure,Disney+
300527,Movie,Honey  We Shrunk Ourselves,1997,PG,Action and Adventure,Disney+
300529,TV Show,Hostile Planet,2019,PG,Nature,Disney+
300531,Movie,How Dogs Got Their Shapes,2016,PG,Nature,Disney+
300537,Movie,Howard,2020,PG,Biographical,Disney+
300538,TV Show,Howie Mandel's Animals Doing Things,2017,PG,Nature,Disney+
300540,Movie,Hunt for the Abominable Snowman,2011,PG,Documentary,Disney+
300541,Movie,I'll Be Home for Christmas,1998,PG,Action and Adventure,Disney+
300543,Movie,Ice Age: Collision Course,2016,PG,Action and Adventure,Disney+
300544,Movie,Ice Age: Dawn Of The Dinosaurs,2009,PG,Animated,Disney+
300546,Movie,Ice Age: The Meltdown,2006,PG,Animated,Disney+
300551,Movie,In Beaver Valley,1950,PG,Nature,Disney+
300554,Movie,Incredibles 2,2018,PG,Action and Adventure,Disney+
300555,TV Show,India From Above,2019,PG,Documentary,Disney+
300558,Movie,Inside Out,2015,PG,Animated,Disney+
300559,TV Show,Inside Pixar,2020,PG,Documentary,Disney+
300560,Movie,Inspector Gadget,1999,PG,Action and Adventure,Disney+
300562,Movie,Into the Grand Canyon,2019,PG,Action and Adventure,Disney+
300563,Movie,Into the Okavango,2018,PG,Action and Adventure,Disney+
300564,TV Show,Into the Unknown: Making Frozen 2,2020,PG,Documentary,Disney+
300565,Movie,Into the Woods,2014,PG,Action and Adventure,Disney+
300566,Movie,Invincible,2006,PG,Biographical,Disney+
300570,Movie,Iron Will,1994,PG,Action and Adventure,Disney+
300573,TV Show,It's a Dog's Life with Bill Farmer,2020,PG,Nature,Disney+
300576,Movie,Jade Eyed Leopard,2020,PG,Nature,Disney+
300577,Movie,James and the Giant Peach,1996,PG,Action and Adventure,Disney+
300578,Movie,Jane,2017,PG,Nature,Disney+
300580,TV Show,Japan: Between Earth and Sky,2017,PG,Nature,Disney+
300581,TV Show,Jessie,2011,PG,Comedy,Disney+
300582,Movie,Jingle All The Way,1996,PG,Comedy,Disney+
300583,Movie,Jingle All the Way 2,2014,PG,Comedy,Disney+
300593,Movie,Jungle 2 Jungle,1997,PG,Comedy,Disney+
300594,TV Show,Jungle Animal Rescue,2019,PG,Nature,Disney+
300595,Movie,Jungle Cat,1960,PG,Nature,Disney+
300597,TV Show,Just Beyond,2021,PG,Animated,Disney+
300600,Movie,Kazaam,1996,PG,Action and Adventure,Disney+
300602,TV Show,Kickin' It,2010,PG,Action and Adventure,Disney+
300606,TV Show,King Fishers,2013,PG,Action and Adventure,Disney+
300607,Movie,Kingdom of the Apes: Battle Lines,2017,PG,Nature,Disney+
300608,Movie,Kingdom of the Blue Whale,2009,PG,Nature,Disney+
300610,TV Show,Kingdom of the Polar Bears,2021,PG,Nature,Disney+
300611,TV Show,Kingdom of the White Wolf,2019,PG,Action and Adventure,Disney+
300612,Movie,Kitbull,2019,PG,Animated,Disney+
300617,Movie,Lady and the Tramp,2019,PG,Action and Adventure,Disney+
300640,Movie,Let's Be Tigers,2021,PG,Drama,Disney+
300645,Movie,Life With Mikey,1993,PG,Cartoons,Disney+
300648,Movie,Lilo and Stitch,2002,PG,Action and Adventure,Disney+
300649,Movie,Lilo and Stitch 2: Stitch Has a Glitch,2005,PG,Animated,Disney+
300655,Movie,Loop,2020,PG,Animated,Disney+
300656,TV Show,Lost Cities With Albert Lin,2019,PG,Action and Adventure,Disney+
300657,Movie,Lost Cities with Albert Lin: The Great Flood,2021,PG,Documentary,Disney+
300660,Movie,Lost Temple of the Inca,2020,PG,Documentary,Disney+
300661,TV Show,Lost Treasures Of Egypt,2018,PG,Documentary,Disney+
300662,TV Show,Lost Treasures of the Maya,2018,PG,Documentary,Disney+
300664,TV Show,Love and Vets,2017,PG,Nature,Disney+
300665,Movie,Luca,2021,PG,Animated,Disney+
300668,TV Show,Made in a Day,2020,PG,Reality,Disney+
300670,Movie,"Maggie Simpson in ""The Force Awakens from its Nap""",2021,PG,Animated,Disney+
300671,Movie,"Maggie Simpson in ""The Longest Daycare""",2012,PG,Animated,Disney+
300672,Movie,Magic Camp,2020,PG,Comedy,Disney+
300673,TV Show,Magic of Disney's Animal Kingdom,2020,PG,Nature,Disney+
300674,Movie,Magician Mickey,1937,PG,Animated,Disney+
300676,Movie,Maleficent,2014,PG,Action and Adventure,Disney+
300677,Movie,Maleficent: Mistress of Evil,2019,PG,Action and Adventure,Disney+
300678,Movie,Man Among Cheetahs,2017,PG,Nature,Disney+
300679,Movie,Man in Space,1955,PG,Documentary,Disney+
300680,Movie,Man of the House,1995,PG,Comedy,Disney+
300681,Movie,Man vs. Shark,2019,PG,Nature,Disney+
300682,Movie,Mark Twain and Me,1991,PG,Biographical,Disney+
300684,Movie,Mars Needs Moms,2011,PG,Action and Adventure,Disney+
300685,Movie,Mars: Inside SpaceX,2018,PG,Documentary,Disney+
300686,Movie,Mars: One Day on the Red Planet,2020,PG,Documentary,Disney+
300687,Movie,Marvel 75 Years: From Pulp to Pop!,2014,PG,Documentary,Disney+
300699,TV Show,Marvel Studios ASSEMBLED,2021,PG,Animated,Disney+
300701,Movie,Marvel Studios: Assembling A Universe,2014,PG,Action and Adventure,Disney+
300702,Movie,Marvel Studios: Expanding the Universe,2019,PG,Documentary,Disney+
300723,Movie,Marvel Studios‚Äô 2021 Disney+ Day Special,2021,PG,Military and War,Disney+
300735,TV Show,Marvel's Hero Project,2019,PG,Documentary,Disney+
300737,Movie,Marvel's Iron Man and Captain America: Heroes United,2014,PG,Action and Adventure,Disney+
300738,Movie,Marvel's Iron Man and Hulk: Heroes United,2013,PG,Action and Adventure,Disney+
300743,Movie,Mary Poppins Returns,2018,PG,Family,Disney+
300745,Movie,Max Keeble's Big Move,2001,PG,Comedy,Disney+
300746,Movie,McFarland  USA,2015,PG,Drama,Disney+
300748,TV Show,Meet The Chimps,2020,PG,Nature,Disney+
300749,Movie,Meet the Deedles,1998,PG,Cartoons,Disney+
300751,Movie,Mega Hammerhead,2016,PG,Nature,Disney+
300752,Movie,Megacity of the Maya Warriors,2021,PG,Documentary,Disney+
300753,Movie,Melody Time,1948,PG,Animated,Disney+
300754,TV Show,Mexico Untamed,2018,PG,Nature,Disney+
300759,TV Show,Mickey Mouse Club (1955-59),1955,PG,Family,Disney+
300770,Movie,Mickey's Trailer,1938,PG,Animated,Disney+
300772,Movie,Mighty Joe Young,1998,PG,Action and Adventure,Disney+
300779,Movie,Miracle,2004,PG,Drama,Disney+
300788,Movie,Mission to the Sun,2018,PG,Documentary,Disney+
300789,Movie,Moana,2016,PG,Action and Adventure,Disney+
300790,Movie,Mom's Got a Date With a Vampire,2000,PG,Comedy,Disney+
300794,Movie,Morning Light,2008,PG,Documentary,Disney+
300795,Movie,Most Wanted Sharks,2020,PG,Nature,Disney+
300797,Movie,Mr. Boogedy,1986,PG,Comedy,Disney+
300799,Movie,Mr. Holland's Opus,1996,PG,Drama,Disney+
300800,Movie,Mr. Magoo,1997,PG,Action and Adventure,Disney+
300809,Movie,Muppets Haunted Mansion,2021,PG,Comedy,Disney+
300810,Movie,Muppets Most Wanted,2014,PG,Action and Adventure,Disney+
300811,TV Show,Muppets Now,2020,PG,Comedy,Disney+
300812,Movie,My Dog  the Thief,1969,PG,Action and Adventure,Disney+
300813,Movie,My Favorite Martian,1999,PG,Comedy,Disney+
300816,Movie,National Treasure,2004,PG,Action and Adventure,Disney+
300817,Movie,National Treasure: Book of Secrets,2007,PG,Action and Adventure,Disney+
300819,Movie,Nature's Half Acre,1951,PG,Nature,Disney+
300820,Movie,Newsies,1992,PG,Coming of Age,Disney+
300821,Movie,Newsies: The Broadway Musical,2017,PG,Coming of Age,Disney+
300822,Movie,Night at the Museum,2006,PG,Action and Adventure,Disney+
300823,Movie,Night at the Museum: Battle of the Smithsonian,2009,PG,Action and Adventure,Disney+
300826,Movie,Notre Dame: Race Against The Inferno,2019,PG,Documentary,Disney+
300828,Movie,Obi-Wan Kenobi,2021,PG,Action and Adventure,Disney+
300829,Movie,Oil Spill of The Century,2019,PG,Documentary,Disney+
300830,Movie,Okavango: River of Dreams,2020,PG,Nature,Disney+
300831,Movie,Oklahoma!,1956,PG,Military and War,Disney+
300832,TV Show,Olaf Presents,2021,PG,Animated,Disney+
300837,TV Show,On Pointe,2020,PG,Documentary,Disney+
300838,Movie,Once Upon a Mattress,2005,PG,Comedy,Disney+
300839,Movie,Once Upon a Snowman,2020,PG,Animated,Disney+
300840,TV Show,Once Upon a Time,2011,PG,Action and Adventure,Disney+
300841,TV Show,Once Upon a Time in Wonderland,2013,PG,Action and Adventure,Disney+
300842,Movie,One Day at Disney,2019,PG,Documentary,Disney+
300843,TV Show,One Day at Disney (Shorts),2019,PG,Animated,Disney+
300846,TV Show,One Strange Rock,2017,PG,Nature,Disney+
300847,Movie,Onward,2020,PG,Action and Adventure,Disney+
300848,Movie,Operation Dumbo Drop,1995,PG,Action and Adventure,Disney+
300851,Movie,Out,2020,PG,Animated,Disney+
300858,TV Show,Paradise Islands,2017,PG,Nature,Disney+
300859,Movie,Paris To Pittsburgh,2018,PG,Documentary,Disney+
300862,Movie,Party Central,2014,PG,Animated,Disney+
300865,Movie,Percy Jackson and The Olympians: The Lightning Thief,2010,PG,Action and Adventure,Disney+
300867,Movie,Pete's Dragon,2016,PG,Action and Adventure,Disney+
300877,TV Show,Photo Ark,2017,PG,Nature,Disney+
300878,TV Show,Pick of the Litter,2019,PG,Nature,Disney+
300890,TV Show,Pixar Popcorn,2021,PG,Animated,Disney+
300894,Movie,Planes,2013,PG,Action and Adventure,Disney+
300895,Movie,Planes: Fire and Rescue,2014,PG,Action and Adventure,Disney+
300896,Movie,Planet of the Birds,2018,PG,Nature,Disney+
300898,Movie,Pluto and the Gopher,1950,PG,Animated,Disney+
300907,Movie,Pompeii: Secrets Of The Dead,2019,PG,Documentary,Disney+
300911,TV Show,Prairie Dog Manor,2019,PG,Nature,Disney+
300916,TV Show,Primal Survivor,2014,PG,Documentary,Disney+
300919,Movie,Prom,2011,PG,Comedy,Disney+
300923,Movie,Purl,2019,PG,Animated,Disney+
300925,Movie,Queen of Katwe,2016,PG,Biographical,Disney+
300928,Movie,Race to Witch Mountain,2009,PG,Action and Adventure,Disney+
300929,Movie,Ralph Breaks the Internet,2018,PG,Action and Adventure,Disney+
300931,Movie,Raya and the Last Dragon,2021,PG,Action and Adventure,Disney+
300940,Movie,Remember the Titans,2000,PG,Drama,Disney+
300943,Movie,Return to Halloweentown,2006,PG,Family,Disney+
300944,Movie,Return to Oz,1985,PG,Action and Adventure,Disney+
300951,TV Show,Rocky Mountain Animal Rescue,2018,PG,Nature,Disney+
300955,TV Show,Rogue Trip,2020,PG,Cartoons,Disney+
300957,Movie,Rookie of the Year,1993,PG,Comedy,Disney+
300959,Movie,Ruby Bridges,1998,PG,Biographical,Disney+
300960,TV Show,Running Wild with Bear Grylls,2019,PG,Action and Adventure,Disney+
300962,Movie,Safety,2020,PG,Biographical,Disney+
300963,Movie,Saludos Amigos,1943,PG,Animated,Disney+
300966,Movie,Sanjay's Super Team,2015,PG,Action and Adventure,Disney+
300972,Movie,Science Fair,2018,PG,Documentary,Disney+
300974,Movie,Sea of Hope: America's Underwater Treasures,2017,PG,Action and Adventure,Disney+
300975,Movie,Sea Scouts,1939,PG,Animated,Disney+
300977,Movie,Secret Society of Second-Born Royals,2020,PG,Action and Adventure,Disney+
300978,Movie,Secretariat,2010,PG,Nature,Disney+
300979,Movie,Secrets of Christ's Tomb: Explorer Special,2017,PG,Documentary,Disney+
300980,Movie,Secrets of Life,1956,PG,Nature,Disney+
300981,TV Show,Secrets of Sulphur Springs,2021,PG,Family,Disney+
300983,Movie,Secrets of the King Cobra,2012,PG,Nature,Disney+
300984,TV Show,Secrets of the Whales,2021,PG,Nature,Disney+
300985,TV Show,Secrets Of The Zoo,2017,PG,Nature,Disney+
300988,TV Show,Secrets of the Zoo: Tampa,2019,PG,Nature,Disney+
300989,TV Show,Secrets of Wild India,2012,PG,Nature,Disney+
300995,Movie,Shark Beach with Chris Hemsworth,2021,PG,Nature,Disney+
300998,Movie,Shark vs. Whale,2020,PG,Nature,Disney+
300999,Movie,Sharkcano,2020,PG,Nature,Disney+
301000,Movie,Sharks of Lost Island,2013,PG,Action and Adventure,Disney+
301001,Movie,Sharks Of The Bermuda Triangle,2020,PG,Nature,Disney+
301004,Movie,Shipwrecked,1991,PG,Action and Adventure,Disney+
301008,Movie,Sister Act,1992,PG,Comedy,Disney+
301009,Movie,Sister Act 2: Back in the Habit,1993,PG,Comedy,Disney+
301010,Movie,Sky High,2005,PG,Action and Adventure,Disney+
301011,Movie,Skyrunners,2009,PG,Action and Adventure,Disney+
301015,Movie,Smash and Grab,2019,PG,Animated,Disney+
301016,Movie,Smoky Mountain Park Rangers,2021,PG,Nature,Disney+
301020,Movie,Snowglobe,2007,PG,Comedy,Disney+
301026,Movie,Soul,2020,PG,Animated,Disney+
301038,Movie,Splash,1984,PG,Comedy,Disney+
301040,Movie,Squanto: A Warrior's Tale,1994,PG,Action and Adventure,Disney+
301043,TV Show,Star Wars Galaxy of Sounds,2021,PG,Animated,Disney+
301051,Movie,Star Wars: A New Hope (Episode IV),1977,PG,Action and Adventure,Disney+
301052,Movie,Star Wars: Attack of the Clones (Episode II),2002,PG,Action and Adventure,Disney+
301055,Movie,Star Wars: Galaxy's Edge-Adventure Awaits,2019,PG,Documentary,Disney+
301056,Movie,Star Wars: Return of the Jedi (Episode VI),1983,PG,Action and Adventure,Disney+
301058,TV Show,Star Wars: The Clone Wars,2008,PG,Action and Adventure,Disney+
301059,Movie,Star Wars: The Empire Strikes Back (Episode V),1980,PG,Action and Adventure,Disney+
301062,Movie,Star Wars: The Phantom Menace (Episode I),1999,PG,Action and Adventure,Disney+
301064,TV Show,Star Wars: Visions,2021,PG,Action and Adventure,Disney+
301065,Movie,Stargirl,2020,PG,Coming of Age,Disney+
301070,Movie,Stonehenge Decoded: Secrets Revealed,2008,PG,Documentary,Disney+
301072,Movie,Strange Magic,2015,PG,Action and Adventure,Disney+
301075,Movie,Sultan and the Rock Star,1980,PG,Action and Adventure,Disney+
301079,TV Show,Supercar Megabuild,2016,PG,Cartoons,Disney+
301080,Movie,Surviving the Mount St. Helens Disaster,2020,PG,Nature,Disney+
301081,Movie,Swiss Family Robinson,1940,PG,Action and Adventure,Disney+
301083,Movie,Tall Tale,1995,PG,Action and Adventure,Disney+
301084,Movie,Tangled,2010,PG,Action and Adventure,Disney+
301089,Movie,Tarzan and Jane,2002,PG,Action and Adventure,Disney+
301091,Movie,Teacher's Pet,2004,PG,Animated,Disney+
301096,Movie,That Darn Cat,1997,PG,Nature,Disney+
301101,Movie,The Adventures of Bullwhip Griffin,1967,PG,Action and Adventure,Disney+
301102,Movie,The Adventures of Huck Finn,1993,PG,Action and Adventure,Disney+
301112,TV Show,The Bad Batch,2021,PG,Action and Adventure,Disney+
301115,Movie,The Bears and I,1974,PG,Nature,Disney+
301116,TV Show,The Beatles: Get Back,2021,PG,Documentary,Disney+
301118,TV Show,The Big Fib,2019,PG,Family,Disney+
301119,Movie,The Big Green,1995,PG,Comedy,Disney+
301120,Movie,The Big Year,2011,PG,Nature,Disney+
301122,Movie,The Black Cauldron,1985,PG,Action and Adventure,Disney+
301123,Movie,The Black Hole,1979,PG,Action and Adventure,Disney+
301125,Movie,The Book of Life,2014,PG,Action and Adventure,Disney+
301128,Movie,The Boy Who Talked to Badgers,1975,PG,Action and Adventure,Disney+
301129,Movie,The Boys: The Sherman Brothers' Story,2009,PG,Biographical,Disney+
301137,Movie,The Chronicles of Narnia: Prince Caspian,2008,PG,Action and Adventure,Disney+
301138,Movie,The Chronicles of Narnia: The Lion  the Witch and the Wardrobe,2005,PG,Action and Adventure,Disney+
301139,Movie,The Chronicles Of Narnia: The Voyage of the Dawn Treader,2010,PG,Action and Adventure,Disney+
301147,TV Show,The Evermoor Chronicles,2015,PG,Coming of Age,Disney+
301151,Movie,The Flood,2018,PG,Nature,Disney+
301154,Movie,The Game Plan,2007,PG,Comedy,Disney+
301156,Movie,The Ghosts of Buxley Hall,1980,PG,Comedy,Disney+
301157,Movie,The Giant Robber Crab,2019,PG,Nature,Disney+
301160,Movie,The Good Dinosaur,2015,PG,Action and Adventure,Disney+
301161,Movie,The Good  The Bart  and The Loki,2021,PG,Animated,Disney+
301164,Movie,The Greatest Game Ever Played,2005,PG,Biographical,Disney+
301165,Movie,The Greatest Showman,2017,PG,Biographical,Disney+
301166,TV Show,The Greeks,2016,PG,Documentary,Disney+
301169,Movie,The Haunted Mansion,2003,PG,Comedy,Disney+
301170,Movie,The Hidden Kingdoms of China,2020,PG,Nature,Disney+
301174,TV Show,The Imagineering Story,2019,PG,Documentary,Disney+
301176,Movie,The Incredible Dr. Pol: Blue Ribbon Kids,2016,PG,Nature,Disney+
301179,Movie,The Incredibles,2004,PG,Action and Adventure,Disney+
301180,Movie,The Journey of Natty Gann,1985,PG,Action and Adventure,Disney+
301181,Movie,The Jungle Book,2016,PG,Action and Adventure,Disney+
301184,Movie,The Kid Who Would Be King,2019,PG,Action and Adventure,Disney+
301186,Movie,The Last of the Chupacabras,2021,PG,Fantasy,Disney+
301187,Movie,The Last Song,2010,PG,Coming of Age,Disney+
301189,Movie,The Liberty Story,1957,PG,Drama,Disney+
301190,Movie,The Lion King,2019,PG,Action and Adventure,Disney+
301197,Movie,The Little Prince(ss),2021,PG,Drama,Disney+
301200,Movie,The Lizzie McGuire Movie,2003,PG,Comedy,Disney+
301202,Movie,The Lost Tomb of Alexander the Great,2019,PG,Documentary,Disney+
301204,Movie,The Making of Happier Than Ever: A Love Letter to Los Angeles,2021,PG,Coming of Age,Disney+
301207,Movie,The Mighty Ducks,1992,PG,Comedy,Disney+
301208,TV Show,The Mighty Ducks: Game Changers,2021,PG,Comedy,Disney+
301210,Movie,The Mistle-Tones,2012,PG,Drama,Disney+
301211,Movie,The Moon-Spinners,1964,PG,Crime,Disney+
301212,Movie,The Most Magical Story on Earth: 50 Years of Walt Disney World,2021,PG,Family,Disney+
301213,Movie,The Mouseketeers at Walt Disney World,1977,PG,Coming of Age,Disney+
301216,TV Show,The Muppet Show,1976,PG,Comedy,Disney+
301217,Movie,The Muppets,2011,PG,Comedy,Disney+
301218,TV Show,The Muppets (Series),2015,PG,Comedy,Disney+
301219,TV Show,The Mysterious Benedict Society,2021,PG,Action and Adventure,Disney+
301222,Movie,The Nutcracker and the Four Realms,2018,PG,Action and Adventure,Disney+
301223,Movie,The Odd Life of Timothy Green,2012,PG,Drama,Disney+
301227,Movie,The One and Only Ivan,2020,PG,Drama,Disney+
301228,Movie,The Pacifier,2005,PG,Action and Adventure,Disney+
301229,Movie,The Parent Trap,1998,PG,Comedy,Disney+
301235,Movie,The Plausible Impossible (Disneyland: 1954-58),1956,PG,Documentary,Disney+
301239,Movie,The Princess Bride,1987,PG,Action and Adventure,Disney+
301245,Movie,The Queen Family Singalong,2021,PG,Military and War,Disney+
301246,Movie,The Real Right Stuff,2020,PG,Documentary,Disney+
301254,Movie,The Sandlot,1993,PG,Comedy,Disney+
301255,Movie,The Sandlot 2,2005,PG,Comedy,Disney+
301256,Movie,The Sandlot: Heading Home,2007,PG,Comedy,Disney+
301257,Movie,The Santa Clause,1994,PG,Comedy,Disney+
301261,Movie,The Scream Team,2002,PG,Comedy,Disney+
301268,TV Show,The Simpsons,1989,PG,Animated,Disney+
301269,Movie,The Simpsons in Plusaversary,2021,PG,Animated,Disney+
301270,Movie,The Small One,1978,PG,Animated,Disney+
301271,Movie,The Sorcerer's Apprentice,2010,PG,Action and Adventure,Disney+
301273,Movie,The Story of Robin Hood And His Merrie Men,1952,PG,Action and Adventure,Disney+
301274,Movie,The Story of the Animated Drawing,1955,PG,Documentary,Disney+
301285,Movie,The Three Musketeers,1993,PG,Action and Adventure,Disney+
301291,Movie,The Undefeated Presents: Hamilton In-Depth,2020,PG,History,Disney+
301294,TV Show,The Wild Life of Dr. Ole,2021,PG,Nature,Disney+
301296,TV Show,The Wizard of Paws,2021,PG,Nature,Disney+
301298,Movie,The Wonderful World of Disney Presents The Little Mermaid Live!,2019,PG,Coming of Age,Disney+
301300,TV Show,The World According to Jeff Goldblum,2019,PG,Documentary,Disney+
301303,Movie,Those Calloways,1965,PG,Nature,Disney+
301308,Movie,Three Men and a Baby,1987,PG,Cartoons,Disney+
301309,Movie,Three Men and a Little Lady,1990,PG,Cartoons,Disney+
301313,Movie,Tiger Cruise,2004,PG,Drama,Disney+
301314,Movie,Tim Burton‚Äôs The Nightmare Before Christmas,1993,PG,Animated,Disney+
301315,Movie,Timmy Failure: Mistakes Were Made,2020,PG,Cartoons,Disney+
301322,Movie,Titanic: 20 Years Later With James Cameron,2017,PG,Documentary,Disney+
301324,Movie,Togo,2019,PG,Action and Adventure,Disney+
301325,Movie,Tom and Huck,1995,PG,Action and Adventure,Disney+
301326,Movie,Tomorrowland,2015,PG,Action and Adventure,Disney+
301340,Movie,Treasure Island,1950,PG,Action and Adventure,Disney+
301342,Movie,Treasure Planet,2002,PG,Action and Adventure,Disney+
301343,Movie,Tree Climbing Lions,2018,PG,Nature,Disney+
301345,Movie,Tron,1982,PG,Action and Adventure,Disney+
301348,Movie,Tuck Everlasting,2002,PG,Coming of Age,Disney+
301351,TV Show,Turner and Hooch,2021,PG,Action and Adventure,Disney+
301352,TV Show,Turning the Tables with Robin Roberts,2021,PG,Comedy,Disney+
301353,TV Show,Tut's Treasures: Hidden Secrets,2018,PG,Documentary,Disney+
301355,Movie,Twenty Something,2021,PG,Animated,Disney+
301356,Movie,Twitches,2005,PG,Comedy,Disney+
301357,Movie,Twitches Too,2007,PG,Comedy,Disney+
301358,TV Show,UFO Europe: The Untold Stories,2012,PG,Documentary,Disney+
301359,Movie,Ultimate Viking Sword,2019,PG,Documentary,Disney+
301360,Movie,Under the Helmet: The Legacy of Boba Fett,2021,PG,Sci-Fi and Fantasy,Disney+
301362,Movie,Underdog,2007,PG,Action and Adventure,Disney+
301364,TV Show,United States Of Animals,2015,PG,Nature,Disney+
301367,Movie,Up,2009,PG,Action and Adventure,Disney+
301369,Movie,Upside-Down Magic,2020,PG,Coming of Age,Disney+
301372,Movie,Viking Warrior Women,2019,PG,Documentary,Disney+
301374,Movie,Waking Sleeping Beauty,2010,PG,Documentary,Disney+
301376,Movie,Walking with Dinosaurs: The Movie,2013,PG,Action and Adventure,Disney+
301378,Movie,Walt and El Grupo,2009,PG,Documentary,Disney+
301379,TV Show,Walt Disney Animation Studios: Short Circuit Experimental Films,2020,PG,Animated,Disney+
301383,Movie,We Bought a Zoo,2011,PG,Nature,Disney+
301386,Movie,Wendy Wu: Homecoming Warrior,2006,PG,Action and Adventure,Disney+
301389,Movie,What the Shark?,2020,PG,Nature,Disney+
301391,Movie,While You Were Sleeping,1995,PG,Comedy,Disney+
301393,Movie,White Fang,1991,PG,Action and Adventure,Disney+
301394,Movie,White Fang 2: Myth of the White Wolf,1994,PG,Action and Adventure,Disney+
301395,Movie,Who Framed Roger Rabbit,1988,PG,Action and Adventure,Disney+
301398,TV Show,Wild Cats of India,2020,PG,Nature,Disney+
301399,TV Show,Wild Central America,2020,PG,Action and Adventure,Disney+
301400,TV Show,Wild Chile,2017,PG,Nature,Disney+
301401,TV Show,Wild Congo,2014,PG,Nature,Disney+
301402,TV Show,Wild Hawaii,2014,PG,Nature,Disney+
301404,TV Show,Wild Nordic,2019,PG,Nature,Disney+
301406,TV Show,Wild Russia,2018,PG,Nature,Disney+
301407,TV Show,Wild Sri Lanka,2016,PG,Nature,Disney+
301408,Movie,Wild Uganda,2018,PG,Nature,Disney+
301409,TV Show,Wild Yellowstone,2015,PG,Nature,Disney+
301410,Movie,Willow,2021,PG,Action and Adventure,Disney+
301412,Movie,Winged Seduction: Birds of Paradise,2012,PG,Action and Adventure,Disney+
301419,Movie,Wolfgang,2021,PG,Biographical,Disney+
301421,Movie,Women Of Impact: Changing The World,2019,PG,Documentary,Disney+
301422,Movie,World's Biggest Bullshark,2021,PG,Nature,Disney+
301423,Movie,World's Greatest Dogs,2015,PG,Nature,Disney+
301425,Movie,Wreck-It Ralph,2012,PG,Action and Adventure,Disney+
301434,TV Show,X-Ray Earth,2020,PG,Nature,Disney+
301437,TV Show,Year Million,2016,PG,Documentary,Disney+
301438,Movie,Yellowstone Cubs,1963,PG,Nature,Disney+
301439,Movie,You Again,2010,PG,Comedy,Disney+
301450,Movie,Zootopia,2016,PG,Animated,Disney+
300001,Movie,10 Things I Hate About You,1999,PG-13,Comedy,Disney+
300069,Movie,Avatar,2009,PG-13,Action and Adventure,Disney+
300087,Movie,Becoming Cousteau,2021,PG-13,Biographical,Disney+
300094,Movie,Bend It Like Beckham,2003,PG-13,Cartoons,Disney+
300116,Movie,Black Widow,2021,PG-13,Action and Adventure,Disney+
300193,Movie,Clouds,2020,PG-13,Biographical,Disney+
300210,Movie,Cruella,2021,PG-13,Crime,Disney+
300214,Movie,Dan in Real Life,2007,PG-13,Comedy,Disney+
300369,Movie,Eddie the Eagle,2016,PG-13,Biographical,Disney+
300386,Movie,Ever After: A Cinderella Story,1998,PG-13,Drama,Disney+
300395,Movie,Fantastic Four,2005,PG-13,Action and Adventure,Disney+
300401,Movie,Fauci,2021,PG-13,Biographical,Disney+
300488,Movie,Hamilton,2020,PG-13,Biographical,Disney+
300572,Movie,Isle of Dogs,2018,PG-13,Action and Adventure,Disney+
300574,Movie,Jack,1996,PG-13,Comedy,Disney+
300585,Movie,John Carter,2012,PG-13,Action and Adventure,Disney+
300596,Movie,Jungle Cruise,2021,PG-13,Action and Adventure,Disney+
300703,Movie,Ant-Man,2015,PG-13,Action and Adventure,Disney+
300704,Movie,Ant-Man and the Wasp,2018,PG-13,Action and Adventure,Disney+
300705,Movie,Avengers: Age of Ultron,2015,PG-13,Action and Adventure,Disney+
300706,Movie,Avengers: Endgame,2019,PG-13,Action and Adventure,Disney+
300707,Movie,Avengers: Infinity War,2018,PG-13,Action and Adventure,Disney+
300708,Movie,Black Panther,2018,PG-13,Action and Adventure,Disney+
300709,Movie,Captain America: Civil War,2016,PG-13,Action and Adventure,Disney+
300710,Movie,Captain America: The First Avenger,2011,PG-13,Action and Adventure,Disney+
300711,Movie,Captain America: The Winter Soldier,2014,PG-13,Action and Adventure,Disney+
300712,Movie,Captain Marvel,2019,PG-13,Action and Adventure,Disney+
300713,Movie,Doctor Strange,2016,PG-13,Action and Adventure,Disney+
300714,Movie,Guardians of the Galaxy,2014,PG-13,Action and Adventure,Disney+
300715,Movie,Guardians of the Galaxy Vol. 2,2017,PG-13,Action and Adventure,Disney+
300716,Movie,Iron Man,2008,PG-13,Action and Adventure,Disney+
300717,Movie,Iron Man 2,2010,PG-13,Action and Adventure,Disney+
300718,Movie,Iron Man 3,2013,PG-13,Action and Adventure,Disney+
300719,Movie,The Avengers,2012,PG-13,Action and Adventure,Disney+
300720,Movie,Thor,2011,PG-13,Action and Adventure,Disney+
300721,Movie,Thor: Ragnarok,2017,PG-13,Action and Adventure,Disney+
300722,Movie,Thor: The Dark World,2013,PG-13,Action and Adventure,Disney+
300786,Movie,Miss Peregrine's Home for Peculiar Children,2016,PG-13,Coming of Age,Disney+
300802,Movie,Mrs. Doubtfire,1993,PG-13,Comedy,Disney+
300803,Movie,Mulan,2020,PG-13,Action and Adventure,Disney+
300883,Movie,Pirates of the Caribbean: At World's End,2007,PG-13,Action and Adventure,Disney+
300884,Movie,Pirates of the Caribbean: Dead Man's Chest,2006,PG-13,Action and Adventure,Disney+
300885,Movie,Pirates of the Caribbean: Dead Men Tell No Tales,2017,PG-13,Action and Adventure,Disney+
300886,Movie,Pirates of the Caribbean: On Stranger Tides,2011,PG-13,Action and Adventure,Disney+
300887,Movie,Pirates of the Caribbean: The Curse of the Black Pearl,2003,PG-13,Action and Adventure,Disney+
300917,Movie,Prince of Persia: The Sands of Time,2010,PG-13,Action and Adventure,Disney+
300938,Movie,Red Tails,2012,PG-13,Action and Adventure,Disney+
300953,Movie,Rogue One: A Star Wars Story,2016,PG-13,Action and Adventure,Disney+
300970,Movie,Saving Mr. Banks,2013,PG-13,Biographical,Disney+
300991,Movie,Shang-Chi and The Legend of The Ten Rings,2021,PG-13,Action and Adventure,Disney+
301007,Movie,Simpsons Movie,2007,PG-13,Action and Adventure,Disney+
301024,Movie,Solo: A Star Wars Story,2018,PG-13,Action and Adventure,Disney+
301057,Movie,Star Wars: Revenge of the Sith (Episode III),2005,PG-13,Action and Adventure,Disney+
301060,Movie,Star Wars: The Force Awakens (Episode VII),2015,PG-13,Action and Adventure,Disney+
301061,Movie,Star Wars: The Last Jedi (Episode VIII),2017,PG-13,Action and Adventure,Disney+
301063,Movie,Star Wars: The Rise of Skywalker (Episode IX),2019,PG-13,Action and Adventure,Disney+
301149,Movie,The Fault in Our Stars,2014,PG-13,Coming of Age,Disney+
301150,Movie,The Finest Hours,2016,PG-13,Action and Adventure,Disney+
301426,Movie,X-Men,2000,PG-13,Action and Adventure,Disney+
301427,Movie,X-Men Origins: Wolverine,2009,PG-13,Action and Adventure,Disney+
301428,Movie,X-Men: Apocalypse,2016,PG-13,Action and Adventure,Disney+
301429,Movie,X-Men: Dark Phoenix,2019,PG-13,Action and Adventure,Disney+
301430,Movie,X-Men: Days of Future Past,2014,PG-13,Action and Adventure,Disney+
301432,Movie,X-Men: First Class,2011,PG-13,Action and Adventure,Disney+
301433,Movie,X-Men: The Last Stand,2006,PG-13,Action and Adventure,Disney+
301435,Movie,X2,2003,PG-13,Action and Adventure,Disney+
300046,TV Show,America's National Parks,2015,TV-14,Nature,Disney+
300053,TV Show,Ancient China from Above,2020,TV-14,Documentary,Disney+
300091,Movie,Before the Flood,2016,TV-14,Documentary,Disney+
300093,Movie,Being the Queen,2020,TV-14,Biographical,Disney+
300108,Movie,Big Sharks Rule,2018,TV-14,Nature,Disney+
300115,Movie,Black Is King,2020,TV-14,Crime,Disney+
300132,TV Show,Breaking Bobby Bones,2021,TV-14,Action and Adventure,Disney+
300174,TV Show,Cesar Millan: Better Human Better Dog,2021,TV-14,Nature,Disney+
300205,TV Show,Cosmos: Possible Worlds,2020,TV-14,Action and Adventure,Disney+
300209,TV Show,Critter Fixers: Country Vets,2020,TV-14,Nature,Disney+
300345,TV Show,Dr. K's Exotic Animal ER,2014,TV-14,Nature,Disney+
300355,TV Show,Drain The Oceans: The Mississippi River and Arctic War,2021,TV-14,Documentary,Disney+
300356,Movie,Drain The Sunken Pirate City,2017,TV-14,Documentary,Disney+
300368,Movie,Easter Island Unsolved,2018,TV-14,Documentary,Disney+
300378,Movie,Empire of Dreams: The Story of the Star Wars Trilogy,2004,TV-14,Documentary,Disney+
300380,TV Show,Encore!,2019,TV-14,Military and War,Disney+
300418,Movie,Folklore: the long pond studio sessions,2020,TV-14,Documentary,Disney+
300453,Movie,Gender Revolution: A Journey With Katie Couric,2017,TV-14,Documentary,Disney+
300473,TV Show,Gordon Ramsay: Uncharted,2018,TV-14,Action and Adventure,Disney+
300494,Movie,Happier Than Ever: A Love Letter to Los Angeles,2021,TV-14,Coming of Age,Disney+
300498,TV Show,Hawkeye,2021,TV-14,Action and Adventure,Disney+
300499,TV Show,Heartland Docs  DVM,2019,TV-14,Nature,Disney+
300548,TV Show,Ice Road Rescue,2015,TV-14,Documentary,Disney+
300550,TV Show,IMPACT with Gal Gadot,2021,TV-14,Documentary,Disney+
300553,Movie,Incredible! The Story of Dr. Pol,2015,TV-14,Nature,Disney+
300556,Movie,India's Wild Leopards,2020,TV-14,Nature,Disney+
300579,Movie,Jane Goodall: The Hope,2020,TV-14,Biographical,Disney+
300584,Movie,Jingle Pols,2013,TV-14,Nature,Disney+
300603,Movie,Killer Shark vs Killer Whale,2021,TV-14,Nature,Disney+
300609,TV Show,Kingdom of the Mummies,2020,TV-14,Documentary,Disney+
300642,TV Show,Life Below Zero,2012,TV-14,Action and Adventure,Disney+
300643,TV Show,Life Below Zero: Next Generation,2020,TV-14,Action and Adventure,Disney+
300646,Movie,Life-Size 2,2018,TV-14,Comedy,Disney+
300650,Movie,Limitless with Chris Hemsworth,2021,TV-14,Lifestyle,Disney+
300653,TV Show,Loki,2021,TV-14,Action and Adventure,Disney+
300658,Movie,Lost City of Machu Picchu,2019,TV-14,Documentary,Disney+
300659,Movie,Lost on Everest,2020,TV-14,Nature,Disney+
300691,Movie,Marvel One-Shot: All Hail the King,2014,TV-14,Comedy,Disney+
300700,TV Show,Marvel Studios LEGENDS,2021,TV-14,Action and Adventure,Disney+
300726,TV Show,Marvel's 616,2020,TV-14,Animated,Disney+
300727,TV Show,Marvel's Agent Carter,2014,TV-14,Action and Adventure,Disney+
300731,Movie,Marvel's Behind the Mask,2021,TV-14,Animated,Disney+
300736,TV Show,Marvel's Inhumans,2017,TV-14,Action and Adventure,Disney+
300740,TV Show,Marvel's Runaways,2017,TV-14,Coming of Age,Disney+
300780,Movie,Miracle at Midnight,1998,TV-14,Drama,Disney+
300849,Movie,Orca vs. Great White,2021,TV-14,Nature,Disney+
300850,TV Show,Origins: The Journey of Humankind,2016,TV-14,Documentary,Disney+
300854,TV Show,Out There with Jack Randall,2019,TV-14,Action and Adventure,Disney+
300855,Movie,Own the Room,2021,TV-14,Documentary,Disney+
300897,Movie,Playing with Sharks,2021,TV-14,Nature,Disney+
300910,TV Show,Port Protection Alaska,2015,TV-14,Documentary,Disney+
300927,TV Show,Race to the Center of the Earth,2021,TV-14,Action and Adventure,Disney+
300954,Movie,Rogue Shark?,2021,TV-14,Nature,Disney+
300982,Movie,Secrets of the Bull Shark,2020,TV-14,Nature,Disney+
300986,TV Show,Secrets Of The Zoo: Down Under,2020,TV-14,Nature,Disney+
300987,TV Show,Secrets of the Zoo: North Carolina,2020,TV-14,Reality,Disney+
300993,TV Show,Shark Attack Files,2021,TV-14,Nature,Disney+
300994,Movie,Shark Attack Investigation: The Paige Winter Story,2021,TV-14,Nature,Disney+
300996,Movie,Shark Gangs,2021,TV-14,Nature,Disney+
300997,Movie,Shark vs. Surfer,2020,TV-14,Nature,Disney+
301071,TV Show,Storm Rising,2021,TV-14,Action and Adventure,Disney+
301074,Movie,Stuntman,2021,TV-14,Documentary,Disney+
301094,Movie,Teen Spirit,2011,TV-14,Cartoons,Disney+
301095,Movie,Texas Storm Squad,2020,TV-14,Documentary,Disney+
301143,Movie,The Croc That Ate Jaws,2021,TV-14,Nature,Disney+
301148,TV Show,The Falcon and The Winter Soldier,2021,TV-14,Action and Adventure,Disney+
301168,TV Show,The Hatcher Family Dairy,2021,TV-14,Nature,Disney+
301175,TV Show,The Incredible Dr. Pol,2011,TV-14,Nature,Disney+
301185,Movie,The Last Ice,2020,TV-14,Nature,Disney+
301205,TV Show,The Mandalorian,2019,TV-14,Action and Adventure,Disney+
301251,TV Show,The Right Stuff,2020,TV-14,Drama,Disney+
301365,TV Show,Unknown Waters with Jeremy Wade,2021,TV-14,Nature,Disney+
301380,TV Show,WandaVision,2021,TV-14,Drama,Disney+
301387,TV Show,What If...?,2021,TV-14,Action and Adventure,Disney+
301390,TV Show,When Sharks Attack,2013,TV-14,Reality,Disney+
301396,TV Show,Wicked Tuna,2016,TV-14,Action and Adventure,Disney+
301397,TV Show,Wicked Tuna: Outer Banks,2013,TV-14,Nature,Disney+
301405,Movie,Wild Portugal,2020,TV-14,Nature,Disney+
301424,Movie,World's Most Dangerous Shark?,2021,TV-14,Nature,Disney+
300002,TV Show,101 Dalmatian Street,2018,TV-Y7,Action and Adventure,Disney+
300004,TV Show,101 Dalmatians (Series),1997,TV-Y7,Action and Adventure,Disney+
300047,TV Show,American Dragon: Jake Long,2004,TV-Y7,Action and Adventure,Disney+
300071,Movie,Babes in the Woods,1932,TV-Y7,Animated,Disney+
300104,TV Show,Big City Greens,2017,TV-Y7,Action and Adventure,Disney+
300105,TV Show,Big City Greens (Shorts),2017,TV-Y7,Action and Adventure,Disney+
300107,TV Show,Big Hero 6 The Series (Shorts),2017,TV-Y7,Action and Adventure,Disney+
300111,TV Show,Billy Dilley's Super-Duper Subterranean Summer,2016,TV-Y7,Animated,Disney+
300119,TV Show,Bluey,2019,TV-Y7,Animated,Disney+
300162,Movie,Cars Toon: Mater Private Eye,2010,TV-Y7,Animated,Disney+
300163,Movie,Cars Toon: Mater the Greater,2008,TV-Y7,Animated,Disney+
300164,Movie,Cars Toon: Monster Truck Mater,2010,TV-Y7,Animated,Disney+
300166,Movie,Cars Toon: Rescue Squad Mater,2010,TV-Y7,Animated,Disney+
300168,Movie,Cars Toon: The Radiator Springs 500 1/2,2014,TV-Y7,Animated,Disney+
300171,Movie,Cars Toon: Unidentified Flying Mater,2010,TV-Y7,Animated,Disney+
300182,TV Show,Chicken Squad,2021,TV-Y7,Animated,Disney+
300184,TV Show,Chip 'n' Dale: Park Life,2021,TV-Y7,Animated,Disney+
300208,TV Show,Crash and Bernstein,2012,TV-Y7,Comedy,Disney+
300216,TV Show,Darkwing Duck,1991,TV-Y7,Action and Adventure,Disney+
300232,TV Show,Dino Ranch,2021,TV-Y7,Animated,Disney+
300237,TV Show,Disney Amphibia,2018,TV-Y7,Animated,Disney+
300248,TV Show,Disney DuckTales (Shorts),2016,TV-Y7,Action and Adventure,Disney+
300256,TV Show,Disney Gravity Falls,2011,TV-Y7,Action and Adventure,Disney+
300262,TV Show,Disney Jake and the Never Land Pirates,2010,TV-Y7,Action and Adventure,Disney+
300264,TV Show,Disney Junior Muppet Babies Play Date,2018,TV-Y7,Comedy,Disney+
300265,TV Show,Disney Junior Music Lullabies,2018,TV-Y7,Animated,Disney+
300266,TV Show,Disney Junior Music Nursery Rhymes,2017,TV-Y7,Animated,Disney+
300267,TV Show,Disney Junior T.O.T.S.,2018,TV-Y7,Animated,Disney+
300268,TV Show,Disney Junior T.O.T.S.: Calling All T.O.T.S. (Shorts),2020,TV-Y7,Animated,Disney+
300269,TV Show,Disney Just Roll With It,2018,TV-Y7,Comedy,Disney+
300270,TV Show,Disney K.C. Undercover,2014,TV-Y7,Action and Adventure,Disney+
300271,TV Show,Disney Kirby Buckets,2014,TV-Y7,Action and Adventure,Disney+
300272,TV Show,Disney Lab Rats: Elite Force,2015,TV-Y7,Action and Adventure,Disney+
300274,TV Show,Disney Mech-X4,2016,TV-Y7,Action and Adventure,Disney+
300275,TV Show,Disney Mickey and the Roadster Racers - Chip 'N' Dale's Nutty Tales (Shorts),2017,TV-Y7,Action and Adventure,Disney+
300276,TV Show,Disney Mickey Mouse Clubhouse,2005,TV-Y7,Animated,Disney+
300277,TV Show,Disney Milo Murphy's Law,2016,TV-Y7,Action and Adventure,Disney+
300278,TV Show,Disney Minnie's Bow-Toons (Shorts),2011,TV-Y7,Animated,Disney+
300284,TV Show,Disney Playtime with Puppy Dog Pals (Shorts),2017,TV-Y7,Animated,Disney+
300288,TV Show,Disney Randy Cunningham: 9th Grade Ninja,2011,TV-Y7,Action and Adventure,Disney+
300290,TV Show,Disney Roll It Back (Shorts),2019,TV-Y7,Comedy,Disney+
300291,TV Show,Disney Special Agent Oso: Three Healthy Steps (Shorts),2011,TV-Y7,Action and Adventure,Disney+
300292,TV Show,Disney Star vs. the Forces of Evil,2014,TV-Y7,Action and Adventure,Disney+
300296,TV Show,Disney Tangled: The Series - Short Cuts,2016,TV-Y7,Action and Adventure,Disney+
300297,TV Show,Disney The Lion Guard,2015,TV-Y7,Action and Adventure,Disney+
300298,TV Show,Disney The Owl House,2020,TV-Y7,Action and Adventure,Disney+
300300,TV Show,Disney Vampirina,2017,TV-Y7,Animated,Disney+
300301,TV Show,Disney Vampirina Ghoul Girls Rock! (Shorts),2017,TV-Y7,Animated,Disney+
300304,TV Show,Disney's Adventures Of The Gummi Bears,1985,TV-Y7,Action and Adventure,Disney+
300306,TV Show,Disney's Doug,1996,TV-Y7,Animated,Disney+
300309,TV Show,Disney's Hercules: The Animated Series,1998,TV-Y7,Action and Adventure,Disney+
300311,TV Show,Disney's Little Einsteins,2005,TV-Y7,Action and Adventure,Disney+
300313,TV Show,Disney's Mighty Ducks,1996,TV-Y7,Action and Adventure,Disney+
300314,TV Show,Disney's Recess,1997,TV-Y7,Animated,Disney+
300317,TV Show,Disney's The Little Mermaid (Series),1992,TV-Y7,Action and Adventure,Disney+
300329,TV Show,Doc McStuffins,2011,TV-Y7,Animated,Disney+
300330,Movie,Doc McStuffins: The Doc Is In,2020,TV-Y7,Animated,Disney+
300359,TV Show,DuckTales,2017,TV-Y7,Action and Adventure,Disney+
300373,TV Show,Elena of Avalor,2015,TV-Y7,Action and Adventure,Disney+
300374,TV Show,Elena of Avalor (Shorts),2017,TV-Y7,Action and Adventure,Disney+
300392,TV Show,Fancy Nancy (Shorts),2019,TV-Y7,Animated,Disney+
300396,TV Show,Fantastic Four (Series),1994,TV-Y7,Action and Adventure,Disney+
300398,TV Show,Fantastic Four: World's Greatest Heroes,2007,TV-Y7,Action and Adventure,Disney+
300408,TV Show,First Class Chefs: Family Style,2015,TV-Y7,Family,Disney+
300416,Movie,Flowers and Trees,1932,TV-Y7,Animated,Disney+
300443,TV Show,Fury Files,2013,TV-Y7,Animated,Disney+
300444,TV Show,Future-Worm!,2016,TV-Y7,Family,Disney+
300450,TV Show,Gargoyles,1994,TV-Y7,Action and Adventure,Disney+
300462,TV Show,Gigantosaurus,2018,TV-Y7,Action and Adventure,Disney+
300469,TV Show,Goldie and Bear,2015,TV-Y7,Action and Adventure,Disney+
300472,TV Show,Goof Troop,1992,TV-Y7,Animated,Disney+
300490,TV Show,Handy Manny,2006,TV-Y7,Animated,Disney+
300502,TV Show,Henry Hugglemonster,2012,TV-Y7,Animated,Disney+
300508,TV Show,Higglytown Heroes,2004,TV-Y7,Animated,Disney+
300539,TV Show,Hulk and the Agents of S.M.A.S.H.,2012,TV-Y7,Action and Adventure,Disney+
300549,TV Show,Imagination Movers,2008,TV-Y7,Kids,Disney+
300568,TV Show,Iron Man (Series),1994,TV-Y7,Action and Adventure,Disney+
300601,TV Show,Kick Buttowski: Suburban Daredevil,2010,TV-Y7,Action and Adventure,Disney+
300616,TV Show,Lab Rats,2011,TV-Y7,Action and Adventure,Disney+
300622,TV Show,LEGO Disney Frozen: Northern Lights (Shorts),2016,TV-Y7,Action and Adventure,Disney+
300623,Movie,LEGO Star Wars Holiday Special,2020,TV-Y7,Action and Adventure,Disney+
300624,Movie,LEGO Star Wars Terrifying Tales,2021,TV-Y7,Action and Adventure,Disney+
300625,TV Show,LEGO Star Wars: All Stars,2018,TV-Y7,Action and Adventure,Disney+
300626,TV Show,LEGO Star Wars: All Stars (Shorts),2018,TV-Y7,Action and Adventure,Disney+
300627,TV Show,LEGO Star Wars: Droid Tales,2014,TV-Y7,Action and Adventure,Disney+
300628,TV Show,LEGO Star Wars: Resistance Rises (Shorts),2015,TV-Y7,Action and Adventure,Disney+
300629,TV Show,LEGO Star Wars: The Freemaker Adventures,2015,TV-Y7,Action and Adventure,Disney+
300630,TV Show,LEGO Star Wars: The Freemaker Adventures (Shorts),2016,TV-Y7,Action and Adventure,Disney+
300631,Movie,LEGO Star Wars: The New Yoda Chronicles - Clash of the Skywalkers,2014,TV-Y7,Action and Adventure,Disney+
300632,Movie,LEGO Star Wars: The New Yoda Chronicles - Raid on Coruscant,2014,TV-Y7,Action and Adventure,Disney+
300633,Movie,LEGO Star Wars: The New Yoda Chronicles ‚Äì Escape from the Jedi Temple,2014,TV-Y7,Action and Adventure,Disney+
300634,Movie,LEGO Star Wars: The New Yoda Chronicles ‚Äì Race for the Holocrons,2014,TV-Y7,Action and Adventure,Disney+
300635,Movie,LEGO Star Wars:¬†The New Yoda Chronicles ‚Äì Duel of the Skywalkers,2014,TV-Y7,Action and Adventure,Disney+
300637,Movie,Lend a Paw,1941,TV-Y7,Animated,Disney+
300654,Movie,Lonesome Ghosts,1937,TV-Y7,Animated,Disney+
300688,TV Show,Marvel Battleworld: Mystery of the Thanostones,2020,TV-Y7,Action and Adventure,Disney+
300689,TV Show,Marvel Comics X-Men,1992,TV-Y7,Action and Adventure,Disney+
300690,TV Show,Marvel Funko Shorts,2016,TV-Y7,Action and Adventure,Disney+
300692,Movie,Marvel Rising: Battle of The Bands,2019,TV-Y7,Action and Adventure,Disney+
300693,Movie,Marvel Rising: Chasing Ghosts,2019,TV-Y7,Action and Adventure,Disney+
300694,Movie,Marvel Rising: Heart of Iron,2019,TV-Y7,Action and Adventure,Disney+
300695,TV Show,Marvel Rising: Initiation (Shorts),2017,TV-Y7,Action and Adventure,Disney+
300696,Movie,Marvel Rising: Operation Shuri,2019,TV-Y7,Action and Adventure,Disney+
300697,Movie,Marvel Rising: Playing With Fire,2019,TV-Y7,Action and Adventure,Disney+
300698,Movie,Marvel Rising: Secret Warriors,2018,TV-Y7,Action and Adventure,Disney+
300724,TV Show,Marvel Super Hero Adventures,2017,TV-Y7,Action and Adventure,Disney+
300725,TV Show,Marvel Ultimate Spider-Man,2011,TV-Y7,Action and Adventure,Disney+
300728,TV Show,Marvel's Ant-Man (Shorts),2016,TV-Y7,Action and Adventure,Disney+
300729,TV Show,Marvel's Avengers Assemble,2012,TV-Y7,Action and Adventure,Disney+
300730,TV Show,Marvel's Avengers: Secret Wars (Shorts),2016,TV-Y7,Action and Adventure,Disney+
300732,TV Show,Marvel's Future Avengers,2017,TV-Y7,Action and Adventure,Disney+
300733,TV Show,Marvel's Guardians of the Galaxy (Series),2015,TV-Y7,Action and Adventure,Disney+
300734,TV Show,Marvel's Guardians of the Galaxy (Shorts),2014,TV-Y7,Action and Adventure,Disney+
300739,TV Show,Marvel's Rocket and Groot (Shorts),2016,TV-Y7,Action and Adventure,Disney+
300741,TV Show,Marvel's Ultimate Comics,2016,TV-Y7,Action and Adventure,Disney+
300744,Movie,Mater and the Ghostlight,2006,TV-Y7,Animated,Disney+
300747,TV Show,Meet Spidey and His Amazing Friends (Shorts),2021,TV-Y7,Action and Adventure,Disney+
300760,TV Show,Mickey Mouse Funhouse,2021,TV-Y7,Animated,Disney+
300761,TV Show,Mickey Mouse Mixed-Up Adventures,2019,TV-Y7,Animated,Disney+
300762,TV Show,Mickey Mouse Roadster Racers,2017,TV-Y7,Animated,Disney+
300769,Movie,Mickey's Tale of Two Witches,2021,TV-Y7,Animated,Disney+
300773,TV Show,Mighty Med,2013,TV-Y7,Comedy,Disney+
300775,TV Show,Miles From Tomorrowland,2014,TV-Y7,Action and Adventure,Disney+
300776,TV Show,Minnie's Bow-Toons: Party Palace Pals,2021,TV-Y7,Animated,Disney+
300778,TV Show,Mira  Royal Detective,2020,TV-Y7,Animated,Disney+
300783,Movie,Miraculous World: New York  United Heroez,2020,TV-Y7,Action and Adventure,Disney+
300784,Movie,Miraculous World: Shanghai  The Legend of Ladydragon,2021,TV-Y7,Animated,Disney+
300785,TV Show,Miraculous: Tales Of Ladybug and Cat Noir,2015,TV-Y7,Action and Adventure,Disney+
300787,TV Show,Mission Force One,2017,TV-Y7,Action and Adventure,Disney+
300805,TV Show,MUPPET BABIES,2017,TV-Y7,Animated,Disney+
300806,TV Show,Muppet Babies Show and Tell (Shorts),2017,TV-Y7,Animated,Disney+
300807,TV Show,Muppet Moments (Shorts),2014,TV-Y7,Animated,Disney+
300814,TV Show,My Friends Tigger and Pooh,2006,TV-Y7,Animated,Disney+
300856,TV Show,Pair of Kings,2010,TV-Y7,Action and Adventure,Disney+
300864,TV Show,Pepper Ann,1997,TV-Y7,Animated,Disney+
300879,TV Show,Pickle and Peanut,2015,TV-Y7,Comedy,Disney+
300892,TV Show,PJ Masks,2015,TV-Y7,Action and Adventure,Disney+
300893,TV Show,PJ Masks (Shorts),2017,TV-Y7,Action and Adventure,Disney+
300899,Movie,Pluto's Christmas Tree,1952,TV-Y7,Animated,Disney+
300920,Movie,Prowlers of the Everglades,1953,TV-Y7,Nature,Disney+
300924,TV Show,Quack Pack,1996,TV-Y7,Action and Adventure,Disney+
300933,TV Show,Ready for Preschool,2019,TV-Y7,Kids,Disney+
300956,TV Show,Rolie Polie Olie,1998,TV-Y7,Animated,Disney+
301003,TV Show,Sheriff Callie's Wild West,2011,TV-Y7,Animated,Disney+
301006,TV Show,Silver Surfer,1997,TV-Y7,Action and Adventure,Disney+
301022,TV Show,So Weird,1999,TV-Y7,Fantasy,Disney+
301030,TV Show,Special Agent Oso,2009,TV-Y7,Action and Adventure,Disney+
301031,TV Show,Spider-Man,1994,TV-Y7,Action and Adventure,Disney+
301032,TV Show,Spider-Man (Shorts),2016,TV-Y7,Action and Adventure,Disney+
301033,TV Show,Spider-Man and His Amazing Friends,1982,TV-Y7,Action and Adventure,Disney+
301034,TV Show,Spider-Man Unlimited,1999,TV-Y7,Action and Adventure,Disney+
301035,TV Show,Spider-Woman,1979,TV-Y7,Action and Adventure,Disney+
301036,TV Show,Spidey And His Amazing Friends,2021,TV-Y7,Action and Adventure,Disney+
301042,TV Show,Star Wars Forces of Destiny (Shorts),2016,TV-Y7,Action and Adventure,Disney+
301044,TV Show,Star Wars Rebels,2014,TV-Y7,Action and Adventure,Disney+
301045,TV Show,Star Wars Rebels (Shorts),2014,TV-Y7,Action and Adventure,Disney+
301046,TV Show,Star Wars Resistance,2018,TV-Y7,Action and Adventure,Disney+
301048,TV Show,Star Wars Vintage: Clone Wars 2D Micro-Series,2021,TV-Y7,Sci-Fi and Fantasy,Disney+
301049,TV Show,Star Wars Vintage: Droids,1985,TV-Y7,Action and Adventure,Disney+
301050,Movie,Star Wars Vintage: Story of the Faithful Wookiee,2021,TV-Y7,Animated,Disney+
301053,TV Show,Star Wars: Blips,2019,TV-Y7,Sci-Fi and Fantasy,Disney+
301054,TV Show,Star Wars: Ewoks,1985,TV-Y7,Action and Adventure,Disney+
301067,Movie,Steamboat Willie,1928,TV-Y7,Animated,Disney+
301078,TV Show,Super Robot Monkey Team Hyperforce Go!,2004,TV-Y7,Action and Adventure,Disney+
301085,Movie,Tangled Before Ever After,2017,TV-Y7,Animated,Disney+
301087,TV Show,Tangled: The Series,2016,TV-Y7,Action and Adventure,Disney+
301110,TV Show,The Avengers: Earth's Mightiest Heroes,2010,TV-Y7,Action and Adventure,Disney+
301111,TV Show,The Avengers: United They Stand,1999,TV-Y7,Action and Adventure,Disney+
301114,Movie,The Band Concert,1935,TV-Y7,Animated,Disney+
301117,Movie,The Big Bad Wolf,1934,TV-Y7,Animated,Disney+
301126,TV Show,The Book of Once Upon a Time,2014,TV-Y7,Animated,Disney+
301127,TV Show,The Book of Pooh,2000,TV-Y7,Comedy,Disney+
301155,TV Show,The Ghost and Molly McGee,2021,TV-Y7,Animated,Disney+
301158,Movie,The Goddess of Spring,1934,TV-Y7,Animated,Disney+
301159,Movie,The Golden Touch,1935,TV-Y7,Animated,Disney+
301177,TV Show,The Incredible Hulk,1996,TV-Y7,Action and Adventure,Disney+
301198,Movie,The Little Whirlwind,1941,TV-Y7,Animated,Disney+
301206,Movie,The Many Adventures of Winnie the Pooh,1977,TV-Y7,Animated,Disney+
301220,TV Show,The New Adventures of Winnie the Pooh,1988,TV-Y7,Animated,Disney+
301224,Movie,The Old Mill,1937,TV-Y7,Action and Adventure,Disney+
301252,TV Show,The Rocketeer,2019,TV-Y7,Action and Adventure,Disney+
301280,TV Show,The Super Hero Squad,2009,TV-Y7,Action and Adventure,Disney+
301289,Movie,The Ugly Duckling,1939,TV-Y7,Animated,Disney+
301304,Movie,Three Blind Mouseketeers,1936,TV-Y7,Animated,Disney+
301306,Movie,Three Little Pigs,1933,TV-Y7,Animated,Disney+
301307,Movie,Three Little Wolves,1936,TV-Y7,Animated,Disney+
301316,TV Show,Timon and Pumbaa,1995,TV-Y7,Animated,Disney+
301323,Movie,Toby Tortoise Returns,1936,TV-Y7,Animated,Disney+
301346,TV Show,Tron Uprising,2011,TV-Y7,Action and Adventure,Disney+
301375,TV Show,Walk the Prank,2016,TV-Y7,Comedy,Disney+
301381,TV Show,Wander Over Yonder,2013,TV-Y7,Comedy,Disney+
301420,TV Show,Wolverine and The X-Men,2008,TV-Y7,Action and Adventure,Disney+
301431,TV Show,X-Men: Evolution,2000,TV-Y7,Action and Adventure,Disney+
301436,Movie,Ye Olden Days,1933,TV-Y7,Animated,Disney+
